nome,genere,tipo,professione_originale,macro_categoria
William Shakespeare,M,storica,Drammaturgo,"Musica, teatro e cinema"
Vladimir Ilic Uljanov Lenin,M,storica,Politico,Politica e diritto
Vittorio Puntoni,M,storica,Batteriologo,Scienze e medicina
Vittorio Emanuele II,M,storica,Re d'Italia,Altro / istituzionale
Vitale da Bologna,M,storica,Pittore,Arte visiva e architettura
Vincenzo Gemito,M,storica,Scultore,Arte visiva e architettura
Vincenzo Bellini,M,storica,Compositore,"Musica, teatro e cinema"
Vasco de Gama,M,storica,Esploratore,"Patrioti, militari ed esploratori"
Valerio Zurlini,M,storica,Regista,"Musica, teatro e cinema"
Umberto Terracini,M,storica,Politico,Politica e diritto
Umberto Giordano,M,storica,Compositore,"Musica, teatro e cinema"
Umberto Boccioni,M,storica,"Pittore, scultore",Arte visiva e architettura
Ugo La Malfa,M,storica,Politico,Politica e diritto
Ugo Foscolo,M,storica,Poeta,Letteratura e giornalismo
Ugo Bassi,M,storica,"Patriota, presbitero",Religione
Tullo Golfarelli,M,storica,Scultore,Arte visiva e architettura
Tullio Levi Civita,M,storica,Matematico,Scienze e medicina
Torquato Tasso,M,storica,Poeta,Letteratura e giornalismo
Tommaso Casini,M,storica,Filologo,"Filosofia, storia e accademia"
Tommaso Campanella,M,storica,Filosofo,"Filosofia, storia e accademia"
Tomaso Albinoni,M,storica,Compositore,"Musica, teatro e cinema"
Tiziano Vecellio,M,storica,Pittore,Arte visiva e architettura
Tito Speri,M,storica,Patriota,"Patrioti, militari ed esploratori"
Tito Carnacini,M,storica,Giurista,Politica e diritto
Tito Azzolini,M,storica,Architetto,Arte visiva e architettura
Tita Ruffo,M,storica,Baritono,"Musica, teatro e cinema"
Tiberio Fiorilli (Scaramouche),M,storica,Attore,"Musica, teatro e cinema"
Telemaco Signorini,M,storica,Pittore,Arte visiva e architettura
Tazio Nuvolari,M,storica,Pilota,Sport
Tarquinio Provini,M,storica,Pilota motociclistico,Sport
Taddeo Alderotti,M,storica,Medico,Scienze e medicina
Stefano Gobatti,M,storica,Compositore,"Musica, teatro e cinema"
Stanislao Mattei,M,storica,Compositore,"Musica, teatro e cinema"
Spartaco,M,storica,Condottiero (rivolta servile),"Patrioti, militari ed esploratori"
Simone dei Crocefissi,M,storica,Pittore,Arte visiva e architettura
Silvio Pellico,M,storica,Scrittore,Letteratura e giornalismo
Silvestro Lega,M,storica,Pittore,Arte visiva e architettura
Sigmund Freud,M,storica,Psicoanalista,Scienze e medicina
Severino Ferrari,M,storica,Poeta,Letteratura e giornalismo
Sergiu Celibidache,M,storica,Direttore d'orchestra,Istruzione ed educazione
Sergio Vieira de Mello,M,storica,Diplomatico ONU,Politica e diritto
Sergio Secci,M,storica,Vittima strage stazione,Altro / istituzionale
Secondo Campini,M,storica,Ingegnere,Scienze e medicina
Sebastiano Serlio,M,storica,Architetto,Arte visiva e architettura
Sebastiano Caboto,M,storica,Esploratore,"Patrioti, militari ed esploratori"
Santorre di Santarosa,M,storica,Patriota,"Patrioti, militari ed esploratori"
Sante Bentivoglio,M,storica,Signore di Bologna,Altro / istituzionale
Sandro Pertini,M,storica,"Politico, Pres. Repubblica",Politica e diritto
Sandro Botticelli,M,storica,Pittore,Arte visiva e architettura
Salvatore Muzzi,M,storica,Storico,"Filosofia, storia e accademia"
Salvador Allende,M,storica,"Politico, Pres. Cile",Politica e diritto
Ruggero Ruggeri,M,storica,Attore,"Musica, teatro e cinema"
Ruggero Leoncavallo,M,storica,Compositore,"Musica, teatro e cinema"
Ruggero Grieco,M,storica,Politico,Politica e diritto
Romolo Amaseo,M,storica,Umanista,"Filosofia, storia e accademia"
Roberto Raviola (Magnus),M,storica,Fumettista,Arte visiva e architettura
Roberto Longhi,M,storica,Storico dell'arte,"Filosofia, storia e accademia"
Roberto Ardigò,M,storica,Filosofo,"Filosofia, storia e accademia"
Robert Koch,M,storica,"Medico, batteriologo",Scienze e medicina
Rino Ruscello,M,storica,Partigiano,Resistenza e antifascismo
Rinaldo Rigola,M,storica,Sindacalista,Sindacalismo e attivismo civile
Richard Wagner,M,storica,Compositore,"Musica, teatro e cinema"
Riccardo Stracciari,M,storica,Baritono,"Musica, teatro e cinema"
Riccardo Bacchelli,M,storica,Scrittore,Letteratura e giornalismo
Renzo Imbeni,M,storica,"Politico, Sindaco di Bologna",Politica e diritto
Renato Simoni,M,storica,Commediografo,"Musica, teatro e cinema"
Renato Fucini,M,storica,Scrittore,Letteratura e giornalismo
Re Enzo (di Sardegna),M,storica,Sovrano,Altro / istituzionale
Rambertino Buvalelli,M,storica,"Giurista, trovatore",Politica e diritto
Raffaello Sanzio,M,storica,Pittore,Arte visiva e architettura
Raffaele Faccioli,M,storica,Pittore,Arte visiva e architettura
Raffaele Bombelli,M,storica,Matematico,Scienze e medicina
Quirino Majorana,M,storica,Fisico,Scienze e medicina
Quirino di Marzio,M,storica,Medico,Scienze e medicina
Quirico Filopanti,M,storica,"Matematico, politico",Politica e diritto
Pyotr Ilyich Tchaikovsky,M,storica,Compositore,"Musica, teatro e cinema"
Prospero Fontana,M,storica,Pittore,Arte visiva e architettura
Pio Panfili,M,storica,Pittore,Arte visiva e architettura
Pietro Pomponazzi,M,storica,Filosofo,"Filosofia, storia e accademia"
Pietro Pietramellara,M,storica,Patriota,"Patrioti, militari ed esploratori"
Pietro Nenni,M,storica,Politico,Politica e diritto
Pietro Miliani,M,storica,Imprenditore (cartiere),Altro / istituzionale
Pietro Mengoli,M,storica,Matematico,Scienze e medicina
Pietro Giannone,M,storica,Storico,"Filosofia, storia e accademia"
Pietro Gamberini,M,storica,Medico,Scienze e medicina
Pietro Fiorini,M,storica,Architetto,Arte visiva e architettura
Pietro Faccini,M,storica,Pittore,Arte visiva e architettura
Pietro da Anzola,M,storica,"Notaio, giurista",Politica e diritto
Pietro Busacchi,M,storica,Medico,Scienze e medicina
Pietro Burgatti,M,storica,Matematico,Scienze e medicina
Pietro Antonio Cataldi,M,storica,Matematico,Scienze e medicina
Pietro Albertoni,M,storica,"Medico, fisiologo",Scienze e medicina
Piero Jahier,M,storica,Scrittore,Letteratura e giornalismo
Piero Gobetti,M,storica,"Giornalista, politico",Politica e diritto
Piero della Francesca,M,storica,Pittore,Arte visiva e architettura
Piero Bottoni,M,storica,Architetto,Arte visiva e architettura
Pier Paolo Pasolini,M,storica,"Scrittore, regista","Musica, teatro e cinema"
Pier Jacopo Martello,M,storica,Poeta,Letteratura e giornalismo
Pier Fortunato Calvi,M,storica,Patriota,"Patrioti, militari ed esploratori"
Petronio Fancelli,M,storica,Pittore,Arte visiva e architettura
Pellegrino Rossi,M,storica,Economista,Politica e diritto
Pellegrino Matteucci,M,storica,Esploratore,"Patrioti, militari ed esploratori"
Pellegrino Antonio Orlandi,M,storica,Storico dell'arte,"Filosofia, storia e accademia"
Pelagio Palagi,M,storica,"Pittore, architetto",Arte visiva e architettura
Parisio (Giulio Parisio),M,storica,Fotografo,Arte visiva e architettura
Paolo Veronese,M,storica,Pittore,Arte visiva e architettura
Paolo Nanni Costa,M,storica,Medico,Scienze e medicina
Paolo Frisi,M,storica,Matematico,Scienze e medicina
Paolo Fortunati,M,storica,Statistico,Politica e diritto
Paolo Dore,M,storica,"Matematico, topografo",Scienze e medicina
Paolo Costa,M,storica,Poeta,Letteratura e giornalismo
Paolo Bovi Campeggi,M,storica,Patriota,"Patrioti, militari ed esploratori"
Paolo Borsellino,M,storica,Magistrato,Politica e diritto
Paolo Bentivoglio,M,storica,Tiflodidatta,Istruzione ed educazione
Palmiro Togliatti,M,storica,Politico,Politica e diritto
Pagno di Lapo Portigiani,M,storica,Scultore,Arte visiva e architettura
Padre Francesco M. Grimaldi,M,storica,"Fisico, astronomo",Scienze e medicina
Pablo Neruda,M,storica,Poeta,Letteratura e giornalismo
Ottorino Respighi,M,storica,Compositore,"Musica, teatro e cinema"
Ottaviano Mascherino,M,storica,Architetto,Arte visiva e architettura
Oscar Scaglietti,M,storica,Medico ortopedico,Scienze e medicina
Oreste Trebbi,M,storica,"Scrittore, giornalista",Letteratura e giornalismo
Oreste Regnoli,M,storica,Giurista,Politica e diritto
Orazio Samacchini,M,storica,Pittore,Arte visiva e architettura
Odone Belluzzi,M,storica,Ingegnere,Scienze e medicina
Nino Nannetti,M,storica,Partigiano,Resistenza e antifascismo
Nino Bixio,M,storica,Patriota,"Patrioti, militari ed esploratori"
Nino Bertocchi,M,storica,"Pittore, critico",Arte visiva e architettura
Nicolò Pisano,M,storica,Scultore,Arte visiva e architettura
Nicolò dell'Abate,M,storica,Pittore,Arte visiva e architettura
Nicolò Dall'Arca,M,storica,Scultore,Arte visiva e architettura
Nicola Zanichelli,M,storica,Editore,Letteratura e giornalismo
Nicola Gogol,M,storica,Scrittore,Letteratura e giornalismo
Niccolò Tommaseo,M,storica,Scrittore,Letteratura e giornalismo
Niccolò Paganini,M,storica,"Violinista, compositore","Musica, teatro e cinema"
Niccolò Machiavelli,M,storica,"Filosofo, politico",Politica e diritto
Niccolò Copernico,M,storica,Astronomo,Scienze e medicina
Nazario Sauro,M,storica,Patriota,"Patrioti, militari ed esploratori"
Mondino de' Liuzzi,M,storica,"Medico, anatomista",Scienze e medicina
Miguel de Cervantes,M,storica,Scrittore,Letteratura e giornalismo
Michele Medici,M,storica,Medico,Scienze e medicina
Michele Gortani,M,storica,"Geologo, politico",Politica e diritto
Michelangelo Buonarroti,M,storica,"Scultore, pittore",Arte visiva e architettura
Melozzo da Forlì,M,storica,Pittore,Arte visiva e architettura
Melchiorre Bega,M,storica,Architetto,Arte visiva e architettura
Mauro Tesi,M,storica,"Pittore, architetto",Arte visiva e architettura
Mauro Sarti,M,storica,Storico,"Filosofia, storia e accademia"
Maurizio Cevenini,M,storica,Politico,Politica e diritto
Maurizio Bufalini,M,storica,Medico,Scienze e medicina
Matteo Maria Boiardo,M,storica,Poeta,Letteratura e giornalismo
Massimiliano Angelelli,M,storica,Letterato,"Filosofia, storia e accademia"
Masaccio,M,storica,Pittore,Arte visiva e architettura
Marziale,M,storica,Poeta,Letteratura e giornalismo
Martin Luther King,M,storica,Attivista (diritti civili),Sindacalismo e attivismo civile
Mario Musolesi (Il Lupo),M,storica,Partigiano,Resistenza e antifascismo
Mario Jacchia,M,storica,"Partigiano, avvocato",Resistenza e antifascismo
Mario Finzi,M,storica,Partigiano,Resistenza e antifascismo
Mario Fantin,M,storica,"Alpinista, documentarista",Sport
Mario De Maria,M,storica,Pittore,Arte visiva e architettura
Mario Bastia,M,storica,Partigiano,Resistenza e antifascismo
Marco Polo,M,storica,"Esploratore, mercante","Patrioti, militari ed esploratori"
Marco Minghetti,M,storica,Politico,Politica e diritto
Marco Emilio Lepido,M,storica,Console romano,"Patrioti, militari ed esploratori"
Marco Antonio,M,storica,Generale romano,"Patrioti, militari ed esploratori"
Marcello Oretti,M,storica,Storico dell'arte,"Filosofia, storia e accademia"
Marcello Malpighi,M,storica,"Biologo, medico",Scienze e medicina
Marcantonio Raimondi,M,storica,Incisore,Arte visiva e architettura
Marcantonio Franceschini,M,storica,Pittore,Arte visiva e architettura
Maksim Gorkij,M,storica,Scrittore,Letteratura e giornalismo
Luigi Zamboni,M,storica,Patriota,"Patrioti, militari ed esploratori"
Luigi Valeriani,M,storica,Economista,Politica e diritto
Luigi Serra,M,storica,Pittore,Arte visiva e architettura
Luigi Riccoboni,M,storica,Attore teatrale,"Musica, teatro e cinema"
Luigi Rasi,M,storica,Attore,"Musica, teatro e cinema"
Luigi Pirandello,M,storica,"Scrittore, drammaturgo","Musica, teatro e cinema"
Luigi Pasteur,M,storica,"Chimico, biologo",Scienze e medicina
Luigi Negrelli,M,storica,Ingegnere,Scienze e medicina
Luigi Longo,M,storica,"Politico, partigiano",Resistenza e antifascismo
Luigi Galvani,M,storica,Fisiologo,Scienze e medicina
Luigi Ferdinando Marsili,M,storica,Scienziato,Scienze e medicina
Luigi Fantini,M,storica,"Esploratore, storico","Filosofia, storia e accademia"
Luigi Einaudi,M,storica,"Economista, Pres. Repubblica",Politica e diritto
Luigi Cherubini,M,storica,Compositore,"Musica, teatro e cinema"
Luigi Carlo Farini,M,storica,"Politico, medico",Politica e diritto
Luigi Capuana,M,storica,Scrittore,Letteratura e giornalismo
Luigi Calori,M,storica,"Medico, anatomista",Scienze e medicina
Luigi Busi,M,storica,Pittore,Arte visiva e architettura
Luigi Breventani,M,storica,Storico,"Filosofia, storia e accademia"
Luigi Bertelli (Vamba),M,storica,Scrittore,Letteratura e giornalismo
Ludwig van Beethoven,M,storica,Compositore,"Musica, teatro e cinema"
Ludwig L. Zamenhof,M,storica,Glottoteta (Esperanto),"Filosofia, storia e accademia"
Ludovico Frati,M,storica,Storico,"Filosofia, storia e accademia"
Ludovico Ariosto,M,storica,Poeta,Letteratura e giornalismo
Lucio Dalla,M,storica,Cantautore,"Musica, teatro e cinema"
Luciano Proni,M,storica,Partigiano,Resistenza e antifascismo
Luciano Manara,M,storica,Patriota,"Patrioti, militari ed esploratori"
Luchino Visconti,M,storica,Regista,"Musica, teatro e cinema"
Luca Marenzio,M,storica,Compositore,"Musica, teatro e cinema"
Luca Ghini,M,storica,Botanico,Scienze e medicina
Luca della Robbia,M,storica,"Scultore, ceramista",Arte visiva e architettura
Lorenzo Sabatini,M,storica,Pittore,Arte visiva e architettura
Lorenzo Pasinelli,M,storica,Pittore,Arte visiva e architettura
Lorenzo Ghiberti,M,storica,"Scultore, orafo",Arte visiva e architettura
Lorenzo Costa,M,storica,Pittore,Arte visiva e architettura
Lorenzo Bartolini,M,storica,Scultore,Arte visiva e architettura
Lodovico Varthema,M,storica,Esploratore,"Patrioti, militari ed esploratori"
Loderingo degli Andalò,M,storica,Religioso (Frati Gaudenti),Religione
Livio Zambeccari,M,storica,"Aviatore, patriota","Patrioti, militari ed esploratori"
Lionello Spada,M,storica,Pittore,Arte visiva e architettura
Lino Sighinolfi,M,storica,"Bibliotecario, storico","Filosofia, storia e accademia"
Licinio Cappelli,M,storica,Editore,Letteratura e giornalismo
Lev Tolstoj,M,storica,Scrittore,Letteratura e giornalismo
Leonetto Cipriani,M,storica,"Politico, patriota",Politica e diritto
Leandro Alberti,M,storica,Storico,"Filosofia, storia e accademia"
Lajos Tukory,M,storica,Patriota,"Patrioti, militari ed esploratori"
Karl Marx,M,storica,"Filosofo, economista",Politica e diritto
Jurij Gagarin,M,storica,Cosmonauta,Scienze e medicina
Jules Verne,M,storica,Scrittore,Letteratura e giornalismo
Jozef Joachim Grabinski,M,storica,Generale napoleonico,"Patrioti, militari ed esploratori"
Johann Wolfgang Goethe,M,storica,"Scrittore, filosofo","Filosofia, storia e accademia"
Johann Sebastian Bach,M,storica,Compositore,"Musica, teatro e cinema"
Jodiche Naldi,M,storica,Partigiano,Resistenza e antifascismo
Jacopo di Paolo,M,storica,Pittore,Arte visiva e architettura
Jacopo della Quercia,M,storica,Scultore,Arte visiva e architettura
Jack London,M,storica,Scrittore,Letteratura e giornalismo
Italo Svevo,M,storica,Scrittore,Letteratura e giornalismo
Isaac Newton,M,storica,"Fisico, matematico",Scienze e medicina
Ippolito Nievo,M,storica,"Scrittore, patriota",Letteratura e giornalismo
Innocenzo da Imola,M,storica,Pittore,Arte visiva e architettura
Indro Montanelli,M,storica,"Giornalista, scrittore",Letteratura e giornalismo
Ilio Barontini,M,storica,Partigiano,Resistenza e antifascismo
Iacopo Barozzi (Il Vignola),M,storica,Architetto,Arte visiva e architettura
Honoré de Balzac,M,storica,Scrittore,Letteratura e giornalismo
Henghel Gualdi,M,storica,Musicista jazz,"Musica, teatro e cinema"
Gustav Mahler,M,storica,Compositore,"Musica, teatro e cinema"
Guido Zucchini,M,storica,"Architetto, storico dell'arte","Filosofia, storia e accademia"
Guido Reni,M,storica,Pittore,Arte visiva e architettura
Guido Guinizelli,M,storica,Poeta,Letteratura e giornalismo
Guido Gozzano,M,storica,Poeta crepuscolare,Letteratura e giornalismo
Guglielmo Pizzirani,M,storica,Pittore,Arte visiva e architettura
Guglielmo Pepe,M,storica,"Generale, patriota","Patrioti, militari ed esploratori"
Guglielmo Oberdan,M,storica,Patriota irredentista,"Patrioti, militari ed esploratori"
Guglielmo Marconi,M,storica,"Fisico, inventore",Scienze e medicina
Gregorio XIII (Ugo Boncompagni),M,storica,Papa (calendario gregoriano),Religione
Graziolo Bambaglioli,M,storica,"Cancelliere, dantista","Filosofia, storia e accademia"
Giuseppe Verdi,M,storica,Compositore,"Musica, teatro e cinema"
Giuseppe Torelli,M,storica,"Compositore, violinista","Musica, teatro e cinema"
Giuseppe Tellera,M,storica,Generale,"Patrioti, militari ed esploratori"
Giuseppe Saragat,M,storica,"Politico, Pres. Repubblica",Politica e diritto
Giuseppe Ruggi,M,storica,Chirurgo,Scienze e medicina
Giuseppe Rolli,M,storica,Pittore,Arte visiva e architettura
Giuseppe Petroni,M,storica,Patriota,"Patrioti, militari ed esploratori"
Giuseppe Parini,M,storica,Poeta,Letteratura e giornalismo
Giuseppe Minganti,M,storica,Imprenditore,Altro / istituzionale
Giuseppe Mazzini,M,storica,"Patriota, politico",Politica e diritto
Giuseppe Martucci,M,storica,Compositore,"Musica, teatro e cinema"
Giuseppe Maria Mitelli,M,storica,"Pittore, incisore",Arte visiva e architettura
Giuseppe Maria Mazza,M,storica,Scultore,Arte visiva e architettura
Giuseppe Lipparini,M,storica,"Critico letterario, poeta","Filosofia, storia e accademia"
Giuseppe Guidicini,M,storica,"Storico, archivista","Filosofia, storia e accademia"
Giuseppe Gozzetti,M,storica,"Partigiano, politico",Resistenza e antifascismo
Giuseppe Gioannetti,M,storica,"Medico, naturalista",Scienze e medicina
Giuseppe Gioacchino Belli,M,storica,Poeta,Letteratura e giornalismo
Giuseppe Giacosa,M,storica,Drammaturgo,"Musica, teatro e cinema"
Giuseppe Garibaldi,M,storica,"Generale, patriota","Patrioti, militari ed esploratori"
Giuseppe Gabussi,M,storica,"Storico, patriota","Filosofia, storia e accademia"
Giuseppe Fanin,M,storica,Sindacalista,Sindacalismo e attivismo civile
Giuseppe Dozza,M,storica,Politico (Sindaco di Bologna),Politica e diritto
Giuseppe Dossetti,M,storica,"Politico, partigiano, sacerdote",Resistenza e antifascismo
Giuseppe Di Vittorio,M,storica,Sindacalista (CGIL),Sindacalismo e attivismo civile
Giuseppe Di Vagno,M,storica,Politico socialista,Politica e diritto
Giuseppe Dagnini,M,storica,"Cardiologo, clinico",Scienze e medicina
Giuseppe Crespi (Lo Spagnuolo),M,storica,Pittore,Arte visiva e architettura
Giuseppe Cesare Abba,M,storica,Scrittore (garibaldino),Letteratura e giornalismo
Giuseppe Ceri,M,storica,"Ingegnere, architetto",Scienze e medicina
Giuseppe Borgatti,M,storica,Cantante lirico,"Musica, teatro e cinema"
Giuseppe Bentivogli,M,storica,Partigiano,Resistenza e antifascismo
Giuseppe Bandi,M,storica,"Scrittore, patriota",Letteratura e giornalismo
Giuseppe Atti,M,storica,"Storico, filologo","Filosofia, storia e accademia"
Giuseppe Albini,M,storica,"Filologo, latinista","Filosofia, storia e accademia"
Giulio Marcovigi,M,storica,"Ingegnere, architetto",Scienze e medicina
Giulio II (Giuliano della Rovere),M,storica,Papa,Religione
Giulio Cesare Pupilli,M,storica,Fisiologo,Scienze e medicina
Giulio Cesare Ferrari,M,storica,Psichiatra,Scienze e medicina
Giulio Cesare Croce,M,storica,Scrittore (Bertoldo),Letteratura e giornalismo
Giulio Cesare Aranzio,M,storica,Anatomista,Scienze e medicina
Giulio Alberoni,M,storica,Cardinale,Religione
Girolamo Giacobbi,M,storica,Compositore,"Musica, teatro e cinema"
Girolamo Frescobaldi,M,storica,Compositore,"Musica, teatro e cinema"
Girolamo Cardano,M,storica,"Medico, matematico",Scienze e medicina
Girolamo Borselli,M,storica,"Storico, domenicano","Filosofia, storia e accademia"
Giovanni XXIII,M,storica,Papa,Religione
Giovanni Spadolini,M,storica,"Storico, politico",Politica e diritto
Giovanni Segantini,M,storica,Pittore,Arte visiva e architettura
Giovanni Sabadino degli Arienti,M,storica,Scrittore,Letteratura e giornalismo
Giovanni Pier Luigi da Palestrina,M,storica,Compositore,"Musica, teatro e cinema"
Giovanni Pico della Mirandola,M,storica,"Filosofo, umanista","Filosofia, storia e accademia"
Giovanni Pascoli,M,storica,Poeta,Letteratura e giornalismo
Giovanni Papini,M,storica,Scrittore,Letteratura e giornalismo
Giovanni Palatucci,M,storica,Funzionario (Giusto tra le nazioni),Sindacalismo e attivismo civile
Giovanni N. Pasquali Alidosi,M,storica,"Erudito, storico","Filosofia, storia e accademia"
Giovanni Michelucci,M,storica,Architetto,Arte visiva e architettura
Giovanni Lorenzo Bernini,M,storica,"Scultore, architetto",Arte visiva e architettura
Giovanni II Bentivoglio,M,storica,Signore di Bologna,Altro / istituzionale
Giovanni Ignazio Molina,M,storica,"Sacerdote, naturalista",Religione
Giovanni Gozzadini,M,storica,"Archeologo, storico","Filosofia, storia e accademia"
Giovanni Gioseffo Dal Sole,M,storica,Pittore,Arte visiva e architettura
Giovanni Garzoni,M,storica,"Umanista, medico",Scienze e medicina
Giovanni Francesco Barbieri (Guercino),M,storica,Pittore,Arte visiva e architettura
Giovanni Favilli,M,storica,Patologo,Scienze e medicina
Giovanni Falcone,M,storica,Magistrato,Politica e diritto
Giovanni Emanuel,M,storica,Attore,"Musica, teatro e cinema"
Giovanni Dupré,M,storica,Scultore,Arte visiva e architettura
Giovanni Domenico Cassini,M,storica,Astronomo,Scienze e medicina
Giovanni da Verrazzano,M,storica,Esploratore,"Patrioti, militari ed esploratori"
Giovanni Crocioni,M,storica,Dialettologo,"Filosofia, storia e accademia"
Giovanni Chiarini,M,storica,Esploratore,"Patrioti, militari ed esploratori"
Giovanni Casoni,M,storica,"Ingegnere, storico",Scienze e medicina
Giovanni Bottonelli,M,storica,Partigiano,Resistenza e antifascismo
Giovanni Boccaccio,M,storica,Scrittore,Letteratura e giornalismo
Giovanni Battista Pergolesi,M,storica,Compositore,"Musica, teatro e cinema"
Giovanni Battista Nasalli Rocca,M,storica,Cardinale,Religione
Giovanni Battista Morgagni,M,storica,"Medico, anatomista",Scienze e medicina
Giovanni Battista Gandino,M,storica,Latinista,"Filosofia, storia e accademia"
Giovanni Battista Cortesi,M,storica,"Medico, chirurgo",Scienze e medicina
Giovanni Amendola,M,storica,"Politico, giornalista",Politica e diritto
Giovan Battista Martinetti,M,storica,"Architetto, ingegnere",Scienze e medicina
Giorgio Vasari,M,storica,"Pittore, architetto, storico","Filosofia, storia e accademia"
Giorgio Perlasca,M,storica,Giusto tra le Nazioni,Sindacalismo e attivismo civile
Giorgio Morandi,M,storica,Pittore,Arte visiva e architettura
Giorgio La Pira,M,storica,"Politico, Sindaco di Firenze",Politica e diritto
Giorgio Guazzaloca,M,storica,"Politico, Sindaco di Bologna",Politica e diritto
Giorgio Cencetti,M,storica,Paleografo,"Filosofia, storia e accademia"
Giorgio Bassani,M,storica,Scrittore,Letteratura e giornalismo
Gil Evans,M,storica,Musicista jazz,"Musica, teatro e cinema"
Gil Alvarez C. de Albornoz,M,storica,Cardinale (Collegio di Spagna),Religione
Gianni Rodari,M,storica,"Scrittore, pedagogista",Istruzione ed educazione
Gianni Palmieri,M,storica,"Medico, partigiano",Resistenza e antifascismo
Gian Ludovico Bianconi,M,storica,"Medico, erudito",Scienze e medicina
Gian Giacomo Carissimi,M,storica,Compositore,"Musica, teatro e cinema"
Giambattista Vico,M,storica,"Filosofo, storico","Filosofia, storia e accademia"
Giambattista Tiepolo,M,storica,Pittore,Arte visiva e architettura
Gherardo Ghirardini,M,storica,Archeologo,"Filosofia, storia e accademia"
Gherardo Forni,M,storica,Chirurgo,Scienze e medicina
Gerolamo Rainaldi,M,storica,Architetto,Arte visiva e architettura
George Gordon Byron,M,storica,Poeta,Letteratura e giornalismo
Gastone Sozzi,M,storica,"Politico, antifascista",Resistenza e antifascismo
Gaspare Ungarelli,M,storica,"Storico, dialettologo","Filosofia, storia e accademia"
Gaspare Tagliacozzi,M,storica,Medico (pioniere chirurgia plastica),Scienze e medicina
Gaspare Nadi,M,storica,Costruttore (diario storico),"Filosofia, storia e accademia"
Galileo Galilei,M,storica,"Fisico, astronomo",Scienze e medicina
Galeazzo Marescotti,M,storica,"Nobile, politico",Politica e diritto
Gaetano Tacconi,M,storica,"Medico, anatomista",Scienze e medicina
Gaetano Salvemini,M,storica,"Storico, politico",Politica e diritto
Gaetano Previati,M,storica,Pittore,Arte visiva e architettura
Gaetano Pilati,M,storica,"Politico, antifascista",Resistenza e antifascismo
Gaetano Giordani,M,storica,"Scrittore, bibliografo",Letteratura e giornalismo
Gaetano Donizetti,M,storica,Compositore,"Musica, teatro e cinema"
Fulvio Bernardini,M,storica,"Calciatore, allenatore",Sport
Fryderyk Chopin,M,storica,"Compositore, pianista","Musica, teatro e cinema"
Franklin Delano Roosevelt,M,storica,32° Presidente Stati Uniti,Istruzione ed educazione
Frank Zappa,M,storica,"Musicista, compositore","Musica, teatro e cinema"
Francesco Zanardi,M,storica,Politico (Sindaco del Pane),Politica e diritto
Francesco Zambrini,M,storica,Letterato,"Filosofia, storia e accademia"
Francesco Todaro,M,storica,"Medico, anatomista",Scienze e medicina
Francesco Tadolini,M,storica,Architetto,Arte visiva e architettura
Francesco Serato,M,storica,Violoncellista,"Musica, teatro e cinema"
Francesco Selmi,M,storica,Chimico,Scienze e medicina
Francesco Saverio Mercadante,M,storica,Compositore,"Musica, teatro e cinema"
Francesco Sabatucci,M,storica,Partigiano (M.O.V.M.),Resistenza e antifascismo
Francesco Roncati,M,storica,"Medico, psichiatra",Scienze e medicina
Francesco Rizzoli,M,storica,"Medico, chirurgo, filantropo",Sindacalismo e attivismo civile
Francesco Primaticcio,M,storica,Pittore,Arte visiva e architettura
Francesco Petrarca,M,storica,"Poeta, scrittore",Letteratura e giornalismo
Francesco Orioli,M,storica,"Fisico, politico",Politica e diritto
Francesco Nullo,M,storica,Patriota,"Patrioti, militari ed esploratori"
Francesco Morandi (Terribilia),M,storica,Architetto,Arte visiva e architettura
Francesco Molinari Pradelli,M,storica,Direttore d'orchestra,Istruzione ed educazione
Francesco Magni,M,storica,Oculista,Scienze e medicina
Francesco Guardi,M,storica,Pittore,Arte visiva e architettura
Francesco Flora,M,storica,Critico letterario,"Filosofia, storia e accademia"
Francesco Delitala,M,storica,"Medico, ortopedico",Scienze e medicina
Francesco del Cossa,M,storica,Pittore,Arte visiva e architettura
Francesco De Sanctis,M,storica,"Critico letterario, politico",Politica e diritto
Francesco De Marchi,M,storica,"Ingegnere, speleologo",Scienze e medicina
Francesco Cilea,M,storica,Compositore,"Musica, teatro e cinema"
Francesco Cavazzoni,M,storica,Pittore,Arte visiva e architettura
Francesco Cavazza,M,storica,"Filantropo, nobile",Sindacalismo e attivismo civile
Francesco Baracca,M,storica,Asso dell'aviazione,"Patrioti, militari ed esploratori"
Francesco Arcangeli,M,storica,Storico dell'arte,"Filosofia, storia e accademia"
Francesco Albergati Capacelli,M,storica,Commediografo,"Musica, teatro e cinema"
Francesco Albani,M,storica,Pittore,Arte visiva e architettura
Francesco Acri,M,storica,Filosofo,"Filosofia, storia e accademia"
Floriano Ambrosini,M,storica,Architetto,Arte visiva e architettura
Filippo Turati,M,storica,"Politico, socialista",Politica e diritto
Filippo Schiassi,M,storica,"Archeologo, epigrafista","Filosofia, storia e accademia"
Filippo Re,M,storica,"Agronomo, botanico",Scienze e medicina
Filippo De Pisis,M,storica,"Pittore, scrittore",Arte visiva e architettura
Filippo Beroaldo (il Vecchio),M,storica,"Umanista, filologo","Filosofia, storia e accademia"
Filippo Benizzi,M,storica,"Religioso, santo",Religione
Filippo Antolini,M,storica,Architetto,Arte visiva e architettura
Ferruccio Parri,M,storica,"Politico, partigiano",Resistenza e antifascismo
Ferruccio Garavaglia,M,storica,Attore,"Musica, teatro e cinema"
Ferruccio Benini,M,storica,Attore,"Musica, teatro e cinema"
Felice Cavallotti,M,storica,"Politico, poeta",Politica e diritto
Federigo Enriques,M,storica,Matematico,Scienze e medicina
Fausto Coppi,M,storica,Ciclista,Sport
Faustino Malaguti,M,storica,Chimico,Scienze e medicina
Fabio Taglioni,M,storica,Ingegnere (motori Ducati),Scienze e medicina
Evangelista Torricelli,M,storica,"Fisico, matematico",Scienze e medicina
Eustachio Manfredi,M,storica,"Matematico, astronomo",Scienze e medicina
Ernesto Stagni,M,storica,Ingegnere (trasporti),Scienze e medicina
Ernesto Masi,M,storica,Storico,"Filosofia, storia e accademia"
Ernesto Maserati,M,storica,"Ingegnere, pilota",Sport
Ermete Zacconi,M,storica,Attore,"Musica, teatro e cinema"
Ermete Novelli,M,storica,Attore,"Musica, teatro e cinema"
Ercole Lelli,M,storica,"Pittore, anatomista",Scienze e medicina
Ercole Graziani,M,storica,Pittore,Arte visiva e architettura
Ercole de' Roberti,M,storica,Pittore,Arte visiva e architettura
Enzo Ferrari,M,storica,"Pilota, imprenditore (Ferrari)",Sport
Enrico Redenti,M,storica,Giurista,Politica e diritto
Enrico Panzacchi,M,storica,"Poeta, politico",Politica e diritto
Enrico Mattei,M,storica,Imprenditore (ENI),Altro / istituzionale
Enrico Golinelli,M,storica,"Avvocato, Sindaco di Bologna",Politica e diritto
Enrico Ferri,M,storica,"Criminologo, politico",Politica e diritto
Enrico Fermi,M,storica,Fisico (Premio Nobel),Scienze e medicina
Enrico De Nicola,M,storica,"Politico, I Pres. Repubblica",Politica e diritto
Enrico Caruso,M,storica,Cantante lirico (tenore),"Musica, teatro e cinema"
Enrico Berlinguer,M,storica,Politico,Politica e diritto
Emilio Zago,M,storica,Attore teatrale,"Musica, teatro e cinema"
Emilio Salgari,M,storica,Scrittore,Letteratura e giornalismo
Emilio Baumann,M,storica,Educatore (ginnastica),Sport
Egnazio Danti,M,storica,"Matematico, cosmografo",Scienze e medicina
Edoardo Weber,M,storica,Ingegnere (Carburatori Weber),Scienze e medicina
Edoardo Ferravilla,M,storica,"Attore, commediografo","Musica, teatro e cinema"
Edoardo Collamarini,M,storica,Architetto,Arte visiva e architettura
Edoardo Brizio,M,storica,Archeologo,"Filosofia, storia e accademia"
Edgar Allan Poe,M,storica,"Scrittore, poeta",Letteratura e giornalismo
Duccio di Boninsegna,M,storica,Pittore,Arte visiva e architettura
Dosso Dossi,M,storica,Pittore,Arte visiva e architettura
Donato Creti,M,storica,Pittore,Arte visiva e architettura
Donato Bramante,M,storica,"Architetto, pittore",Arte visiva e architettura
Don Olinto Marella,M,storica,"Presbitero, beato",Religione
Don Luigi Sturzo,M,storica,"Politico, presbitero",Religione
Don Luigi Orione,M,storica,"Presbitero, santo",Religione
Don Luigi Guanella,M,storica,"Presbitero, santo",Religione
Don Giovanni Verità,M,storica,"Presbitero, patriota",Religione
Don Giovanni Minzoni,M,storica,"Presbitero, antifascista",Resistenza e antifascismo
Don Giovanni Fornasini,M,storica,"Presbitero, M.O.V.M.",Religione
Don Carlo Gnocchi,M,storica,"Presbitero, educatore",Religione
Domenico Zampieri (Il Domenichino),M,storica,Pittore,Arte visiva e architettura
Domenico Svampa,M,storica,Cardinale,Religione
Domenico Scarlatti,M,storica,Compositore,"Musica, teatro e cinema"
Domenico Morelli,M,storica,Pittore,Arte visiva e architettura
Domenico Maria Canuti,M,storica,Pittore,Arte visiva e architettura
Domenico Majocchi,M,storica,"Medico, dermatologo",Scienze e medicina
Domenico Guglielmini,M,storica,"Medico, idrologo",Scienze e medicina
Domenico Aimo,M,storica,Scultore,Arte visiva e architettura
Dionisio Calvart,M,storica,Pittore,Arte visiva e architettura
Dino Campana,M,storica,Poeta,Letteratura e giornalismo
Dante Drusiani,M,storica,Partigiano,Resistenza e antifascismo
Daniele Manin,M,storica,"Patriota, statista","Patrioti, militari ed esploratori"
Cristoforo Colombo,M,storica,"Esploratore, navigatore","Patrioti, militari ed esploratori"
Corrado Ricci,M,storica,"Archeologo, storico dell'arte","Filosofia, storia e accademia"
Coriolano Vighi,M,storica,Pittore paesaggista,Arte visiva e architettura
Ciro Menotti,M,storica,Patriota,"Patrioti, militari ed esploratori"
Cino da Pistoia,M,storica,"Poeta, giurista",Politica e diritto
Cincinnato Baruzzi,M,storica,Scultore,Arte visiva e architettura
Cimabue (Cenni di Pepo),M,storica,Pittore,Arte visiva e architettura
Cherubino Ghirardacci,M,storica,Storico,"Filosofia, storia e accademia"
Charles Dickens,M,storica,Scrittore,Letteratura e giornalismo
Charles De Gaulle,M,storica,"Generale, Presidente Francia",Istruzione ed educazione
Charles Darwin,M,storica,"Naturalista, biologo",Scienze e medicina
Cesare Taruffi,M,storica,Medico anatomopatologo,Scienze e medicina
Cesare Ratta,M,storica,"Tipografo, editore",Letteratura e giornalismo
Cesare Pavese,M,storica,"Scrittore, poeta",Letteratura e giornalismo
Cesare Ottaviano (Augusto),M,storica,I Imperatore Romano,"Patrioti, militari ed esploratori"
Cesare Maltoni,M,storica,"Medico, oncologo",Scienze e medicina
Cesare Gnudi,M,storica,Storico dell'arte,"Filosofia, storia e accademia"
Cesare Correnti,M,storica,"Politico, patriota",Politica e diritto
Cesare Boldrini,M,storica,"Garibaldino, medico",Scienze e medicina
Cesare Battisti,M,storica,"Patriota, irredentista","Patrioti, militari ed esploratori"
Cesare Albicini,M,storica,"Storico, politico",Politica e diritto
Carlo Zucchi,M,storica,"Generale, patriota","Patrioti, militari ed esploratori"
Carlo Sigonio,M,storica,"Storico, umanista","Filosofia, storia e accademia"
Carlo Scarpa,M,storica,"Architetto, designer",Arte visiva e architettura
Carlo Rusconi,M,storica,"Letterato, traduttore","Filosofia, storia e accademia"
Carlo Porta,M,storica,Poeta,Letteratura e giornalismo
Carlo Pisacane,M,storica,"Patriota, rivoluzionario","Patrioti, militari ed esploratori"
Carlo Pepoli,M,storica,"Poeta, librettista, politico",Politica e diritto
Carlo Goldoni,M,storica,Drammaturgo,"Musica, teatro e cinema"
Carlo Francesco Dotti,M,storica,Architetto (S. Luca),Arte visiva e architettura
Carlo Collodi,M,storica,Scrittore (Pinocchio),Letteratura e giornalismo
Carlo Cignani,M,storica,Pittore,Arte visiva e architettura
Carlo Cattaneo,M,storica,"Filosofo, patriota","Filosofia, storia e accademia"
Carlo Alberto Pizzardi,M,storica,"Nobile, filantropo",Sindacalismo e attivismo civile
Camillo Ranzani,M,storica,"Naturalista, presbitero",Religione
Camillo Procaccini,M,storica,Pittore,Arte visiva e architettura
Camillo Prampolini,M,storica,Politico socialista,Politica e diritto
Camillo Oblach,M,storica,Violoncellista,"Musica, teatro e cinema"
Camillo Casarini,M,storica,"Politico, patriota",Politica e diritto
Camillo Baldi,M,storica,"Filosofo, letterato","Filosofia, storia e accademia"
Bruno Monterumici,M,storica,Partigiano,Resistenza e antifascismo
Bruno Lanzarini,M,storica,Attore teatrale,"Musica, teatro e cinema"
Bruno Buozzi,M,storica,"Sindacalista, politico",Sindacalismo e attivismo civile
Bonaventura Cavalieri,M,storica,"Matematico, astronomo",Scienze e medicina
Bernardino Telesio,M,storica,Filosofo naturalista,Scienze e medicina
Bernardino Ramazzini,M,storica,"Medico, scienziato",Scienze e medicina
Berengario da Carpi,M,storica,"Medico, anatomista",Scienze e medicina
Benvenuto Tisi (Il Garofalo),M,storica,Pittore,Arte visiva e architettura
Benvenuto Cellini,M,storica,"Scultore, orafo",Arte visiva e architettura
Benozzo Gozzoli,M,storica,Pittore,Arte visiva e architettura
Beniamino Gigli,M,storica,Cantante lirico (tenore),"Musica, teatro e cinema"
Beniamino Andreatta,M,storica,"Economista, politico",Politica e diritto
Benedetto XIV (P. Lambertini),M,storica,Papa,Religione
Benedetto Marcello,M,storica,Compositore,"Musica, teatro e cinema"
Bartolomeo Triachini,M,storica,Architetto,Arte visiva e architettura
Bartolomeo Provaglia,M,storica,"Architetto, ingegnere",Scienze e medicina
Bartolomeo Passarotti,M,storica,Pittore,Arte visiva e architettura
Bartolomeo Maria Dal Monte,M,storica,"Presbitero, beato",Religione
Bartolomeo da Varignana,M,storica,"Medico, politico",Politica e diritto
Bartolomeo Cesi,M,storica,Pittore,Arte visiva e architettura
Baldassarre Azzoguidi,M,storica,"Tipografo, protoeditore",Letteratura e giornalismo
Ayrton Senna,M,storica,Pilota automobilistico,Sport
Aurelio Saffi,M,storica,"Politico, patriota (Triumviro)",Politica e diritto
Aureliano Pertile,M,storica,Cantante lirico (tenore),"Musica, teatro e cinema"
Augusto Romagnoli,M,storica,"Educatore, tiflologo",Istruzione ed educazione
Augusto Righi,M,storica,"Fisico, accademico",Scienze e medicina
Augusto Pollastri,M,storica,Liutaio,"Musica, teatro e cinema"
Augusto Murri,M,storica,"Medico, clinico",Scienze e medicina
Augusto Majani (Nasìca),M,storica,"Pittore, illustratore",Arte visiva e architettura
Augusto Aglebert,M,storica,"Letterato, patriota","Filosofia, storia e accademia"
Attilio Muggia,M,storica,"Architetto, ingegnere",Scienze e medicina
Athos Bellettini,M,storica,"Statistico, demografo",Politica e diritto
Arturo Toscanini,M,storica,Direttore d'orchestra,Istruzione ed educazione
Arturo Gazzoni,M,storica,Imprenditore (Amaro Gazzoni),Altro / istituzionale
Arturo Colombi,M,storica,"Politico, sindacalista",Sindacalismo e attivismo civile
Arnaldo Forni,M,storica,"Libraio antiquario, editore",Letteratura e giornalismo
Arnaldo da Brescia,M,storica,"Religioso, riformatore",Religione
Armando Quadri,M,storica,"Medico, partigiano",Resistenza e antifascismo
Armando Ghedini,M,storica,"Compositore, organista","Musica, teatro e cinema"
Aristotile Fioravanti,M,storica,"Architetto, ingegnere",Scienze e medicina
Aristide Busi,M,storica,Medico (pediatra),Scienze e medicina
Arduino Arriguzzi,M,storica,"Architetto, ingegnere",Scienze e medicina
Arcangelo Corelli,M,storica,"Compositore, violinista","Musica, teatro e cinema"
Antonio Zanolini,M,storica,"Politico, patriota",Politica e diritto
Antonio Zannoni,M,storica,"Architetto, archeologo","Filosofia, storia e accademia"
Antonio Vivaldi,M,storica,"Compositore, violinista","Musica, teatro e cinema"
Antonio Stoppani,M,storica,"Geologo, paleontologo",Scienze e medicina
Antonio Scaravilli,M,storica,"Partigiano, studente",Resistenza e antifascismo
Antonio Salieri,M,storica,Compositore,"Musica, teatro e cinema"
Antonio Rosmini,M,storica,"Filosofo, presbitero",Religione
Antonio Pacinotti,M,storica,"Fisico, inventore (dinamo)",Scienze e medicina
Antonio Meucci,M,storica,Inventore (telefono),Scienze e medicina
Antonio Maria Valsalva,M,storica,"Medico, anatomista",Scienze e medicina
Antonio Mancini,M,storica,Pittore,Arte visiva e architettura
Antonio Labriola,M,storica,"Filosofo, teorico marxista","Filosofia, storia e accademia"
Antonio Graziadei,M,storica,"Economista, politico",Politica e diritto
Antonio Gramsci,M,storica,"Filosofo, politico (fondatore PCI)",Politica e diritto
Antonio Giuriolo,M,storica,"Partigiano, insegnante",Resistenza e antifascismo
Antonio Gasbarrini,M,storica,"Medico, clinico",Scienze e medicina
Antonio Gandusio,M,storica,Attore,"Musica, teatro e cinema"
Antonio Fontanesi,M,storica,Pittore,Arte visiva e architettura
Antonio Fogazzaro,M,storica,Scrittore,Letteratura e giornalismo
Antonio Di Vincenzo,M,storica,Architetto (S. Petronio),Arte visiva e architettura
Antonio Cicu,M,storica,"Giurista, accademico",Politica e diritto
Antonio Cavalieri Ducati,M,storica,"Ingegnere, pioniere industria",Scienze e medicina
Antonio Basoli,M,storica,"Pittore, scenografo",Arte visiva e architettura
Antonio Baldacci,M,storica,"Botanico, geografo",Scienze e medicina
Antonio Alessandrini,M,storica,"Medico, zoologo",Scienze e medicina
Antonio Aldini,M,storica,"Politico, avvocato",Politica e diritto
Antonín Dvořák,M,storica,Compositore,"Musica, teatro e cinema"
Antonello da Messina,M,storica,Pittore,Arte visiva e architettura
Anton Pavlovic Cechov,M,storica,"Scrittore, drammaturgo","Musica, teatro e cinema"
Anteo Zamboni,M,storica,Attentatore anarchico,Altro / istituzionale
Anselmo Marabini,M,storica,Politico,Politica e diritto
Annibale Ranuzzi,M,storica,"Politico, storico",Politica e diritto
Angiolo Poliziano,M,storica,"Poeta, umanista, filologo","Filosofia, storia e accademia"
Angelo Venturoli,M,storica,Architetto,Arte visiva e architettura
Angelo Schiavio,M,storica,Calciatore (Bologna FC),Sport
Angelo Ruffini,M,storica,"Biologo, istologo",Scienze e medicina
Angelo Piò,M,storica,Scultore,Arte visiva e architettura
Angelo Musco,M,storica,Attore teatrale e comico,"Musica, teatro e cinema"
Angelo Michele Colonna,M,storica,Pittore,Arte visiva e architettura
Angelo Masini,M,storica,Cantante lirico (tenore),"Musica, teatro e cinema"
Angelo Mariani,M,storica,Direttore d'orchestra,Istruzione ed educazione
Angelo Finelli,M,storica,"Partigiano, sellaio",Resistenza e antifascismo
Angelo Beolco (Ruzante),M,storica,"Commediografo, attore","Musica, teatro e cinema"
Andrea Palladio,M,storica,Architetto,Arte visiva e architettura
Andrea Mantegna,M,storica,Pittore,Arte visiva e architettura
Andrea del Verrocchio,M,storica,"Scultore, pittore, orafo",Arte visiva e architettura
Andrea da Formigine,M,storica,"Architetto, scultore",Arte visiva e architettura
Andrea da Faenza,M,storica,"Architetto, frate",Arte visiva e architettura
Andrea Costa,M,storica,"Politico, leader socialista",Politica e diritto
Amilcare Ponchielli,M,storica,Compositore,"Musica, teatro e cinema"
Amico Aspertini,M,storica,Pittore,Arte visiva e architettura
Amedeo Modigliani,M,storica,"Pittore, scultore",Arte visiva e architettura
Amedeo Lipparini,M,storica,"Sindacalista, mezzadro",Sindacalismo e attivismo civile
Amatore Sciesa,M,storica,Patriota,"Patrioti, militari ed esploratori"
Alfredo Trombetti,M,storica,"Glottologo, linguista","Filosofia, storia e accademia"
Alfredo Testoni,M,storica,"Drammaturgo, poeta dialettale","Musica, teatro e cinema"
Alfredo Protti,M,storica,Pittore,Arte visiva e architettura
Alfredo Panzini,M,storica,"Scrittore, critico",Letteratura e giornalismo
Alfredo Oriani,M,storica,"Scrittore, storico","Filosofia, storia e accademia"
Alfredo Catalani,M,storica,Compositore,"Musica, teatro e cinema"
Alfredo Calzoni,M,storica,Imprenditore,Altro / istituzionale
Alfredo Bergami,M,storica,"Partigiano, politico",Resistenza e antifascismo
Alfredo Barbacci,M,storica,"Architetto, storico dell'arte","Filosofia, storia e accademia"
Alfonso Torreggiani,M,storica,Architetto,Arte visiva e architettura
Alfonso Rubbiani,M,storica,"Architetto, restauratore",Arte visiva e architettura
Alfonso Marescalchi,M,storica,"Nobile, politico",Politica e diritto
Alfonso Lombardi,M,storica,Scultore,Arte visiva e architettura
Alfonso Corradi,M,storica,"Medico, storico della medicina",Scienze e medicina
Alfieri Maserati,M,storica,"Imprenditore, pilota auto",Sport
Alexander Langer,M,storica,"Politico, attivista, giornalista",Sindacalismo e attivismo civile
Alexander Fleming,M,storica,"Medico, biologo (Premio Nobel)",Scienze e medicina
Alessandro Volta,M,storica,"Fisico, chimico",Scienze e medicina
Alessandro Tiarini,M,storica,Pittore,Arte visiva e architettura
Alessandro Tassoni,M,storica,"Poeta, scrittore",Letteratura e giornalismo
Alessandro Tartagni,M,storica,Giurista,Politica e diritto
Alessandro Stoppato,M,storica,"Giurista, politico",Politica e diritto
Alessandro Manzoni,M,storica,"Scrittore, poeta",Letteratura e giornalismo
Alessandro Codivilla,M,storica,"Medico, pioniere ortopedia",Scienze e medicina
Alessandro Cervellati,M,storica,"Scrittore, illustratore, storico","Filosofia, storia e accademia"
Alessandro Bonci,M,storica,Cantante lirico (tenore),"Musica, teatro e cinema"
Alessandro Antonelli,M,storica,Architetto (Mole Antonelliana),Arte visiva e architettura
Alessandro Algardi,M,storica,Scultore,Arte visiva e architettura
Aldo Rossi,M,storica,"Architetto, designer",Arte visiva e architettura
Aldo Moro,M,storica,"Politico, statista",Politica e diritto
Aldo Capitini,M,storica,"Filosofo, educatore, attivista",Istruzione ed educazione
Alcide De Gasperi,M,storica,"Politico, statista",Politica e diritto
Alceste de Ambris,M,storica,"Sindacalista, politico",Sindacalismo e attivismo civile
Alberto Rovighi,M,storica,"Storico, militare","Filosofia, storia e accademia"
Alberto Menarini,M,storica,"Linguista, glottologo","Filosofia, storia e accademia"
Alberto Mario,M,storica,"Patriota, giornalista",Letteratura e giornalismo
Alberto Manzi,M,storica,"Pedagogista, scrittore, maestro",Istruzione ed educazione
Alberto Franchetti,M,storica,Compositore,"Musica, teatro e cinema"
Alberto Dallolio,M,storica,"Politico, sindaco di Bologna",Politica e diritto
Alberto Bacchi della Lega,M,storica,"Bibliografo, storico","Filosofia, storia e accademia"
Albert Einstein,M,storica,"Fisico, Premio Nobel",Scienze e medicina
Albano Sorbelli,M,storica,"Bibliotecario, storico","Filosofia, storia e accademia"
Agostino Bignardi,M,storica,"Politico, accademico",Politica e diritto
Agostino Barelli,M,storica,Architetto,Arte visiva e architettura
Agamennone Zappoli,M,storica,"Scrittore, patriota",Letteratura e giornalismo
Adriano Banchieri,M,storica,"Compositore, teorico musicale","Musica, teatro e cinema"
Adolfo De Carolis,M,storica,"Pittore, incisore, illustratore",Arte visiva e architettura
Adolfo Albertazzi,M,storica,"Scrittore, critico letterario","Filosofia, storia e accademia"
Adam Mickiewicz,M,storica,"Poeta, scrittore patriota",Letteratura e giornalismo
Achille Grandi,M,storica,"Sindacalista, politico",Sindacalismo e attivismo civile
Achille Casanova,M,storica,"Pittore, decoratore",Arte visiva e architettura
Achille Ardigò,M,storica,"Sociologo, accademico","Filosofia, storia e accademia"
Abraham Lincoln,M,storica,16° Presidente degli Stati Uniti,Istruzione ed educazione
Pietro Loreta,M,storica,"medico, politico",Politica e diritto
Sante Vincenzi,M,storica,partigiano,Resistenza e antifascismo
Massenzio Masia,M,storica,"politico, partigiano",Resistenza e antifascismo
Gil de Albornoz y Espinosa,M,storica,vescovo cattolico,Religione
Mario Musolesi,M,storica,partigiano,Resistenza e antifascismo
Paolo Fabbri,M,storica,semiologo,"Filosofia, storia e accademia"
Giampietro Zanotti,M,storica,"storico dell'arte, pittore","Filosofia, storia e accademia"
Giuseppe Gasparo Mezzofanti,M,storica,"linguista, bibliotecario","Filosofia, storia e accademia"
Ulisse Gardini,M,storica,N.D.,Altro / istituzionale
Giuseppe Pellizza da Volpedo,M,storica,pittore,Arte visiva e architettura
Giacomo Lercaro,M,storica,vescovo cattolico,Religione
Pietro di Mattiolo,M,storica,N.D.,Altro / istituzionale
Edmondo De Amicis,M,storica,"scrittore, politico",Politica e diritto
Antonio Bondi,M,storica,N.D.,Altro / istituzionale
Francesco Rocchi,M,storica,sacerdote cattolico,Religione
Clemente Primodì,M,storica,"patriota, matematico",Scienze e medicina
Luca Signorelli,M,storica,"pittore, disegnatore",Arte visiva e architettura
Giovanni Antonio Magini,M,storica,"astronomo, matematico",Scienze e medicina
Filippo Argelati,M,storica,"storico, numismatico","Filosofia, storia e accademia"
Gaetano Monti,M,storica,scultore,Arte visiva e architettura
Pietro Gubellini,M,storica,N.D.,Altro / istituzionale
Corrado Mazzoni,M,storica,militare,"Patrioti, militari ed esploratori"
Mario Longhena,M,storica,politico,Politica e diritto
Pompeo Vizani,M,storica,"storico, scrittore","Filosofia, storia e accademia"
Vincenzo Vela,M,storica,scultore,Arte visiva e architettura
Luciano Toso Montanari,M,storica,"ingegnere, imprenditore",Scienze e medicina
Francesco Brizio,M,storica,"pittore, artista visuale",Arte visiva e architettura
Tommaso Laureti,M,storica,"pittore, architetto",Arte visiva e architettura
Giuseppe Bacchelli,M,storica,"politico, avvocato",Politica e diritto
Stenio Polischi,M,storica,N.D.,Altro / istituzionale
Francesco Zambeccari,M,storica,mongolfierista,Altro / istituzionale
Giotto,M,storica,"pittore, architetto",Arte visiva e architettura
Francesco Orsoni,M,storica,"geologo, archeologo",Scienze e medicina
Giosuè Carducci,M,storica,"scrittore, poeta",Letteratura e giornalismo
Bartolomeo Ramenghi,M,storica,pittore,Arte visiva e architettura
Massimo d'Azeglio,M,storica,"politico, pittore",Politica e diritto
Enrico Brunetti Rodati,M,storica,architetto,Arte visiva e architettura
Giuseppe Modonesi,M,storica,N.D.,Altro / istituzionale
Claudio Treves,M,storica,"politico, giornalista",Politica e diritto
Ercole Nani,M,storica,N.D.,Altro / istituzionale
Luigi Settembrini,M,storica,"scrittore, politico",Politica e diritto
Olindo Guerrini,M,storica,"poeta, scrittore",Letteratura e giornalismo
Giacomo Venezian,M,storica,"giurista, professore universitario",Politica e diritto
Genuzio Bentini,M,storica,"politico, avvocato",Politica e diritto
Alessandro Guidotti,M,storica,"ufficiale, militare","Patrioti, militari ed esploratori"
Umbro Lorenzini,M,storica,N.D.,Altro / istituzionale
Pietro Inviti,M,storica,"politico, militare",Politica e diritto
Cesare Ottaviano,M,storica,N.D.,Altro / istituzionale
Giuseppe Mazza,M,storica,parassitologo,Altro / istituzionale
Innocenzo Malvasia,M,storica,"agronomo, conte",Altro / istituzionale
Giacomo Matteotti,M,storica,politico,Politica e diritto
Lodovico Berti,M,storica,"giornalista, politico",Politica e diritto
Giuseppe Maria Crespi,M,storica,"pittore, artista visuale",Arte visiva e architettura
Gaetano Bottrigari,M,storica,"avvocato, patriota risorgimentale",Politica e diritto
Domenico Biancolelli,M,storica,"attore teatrale, attore","Musica, teatro e cinema"
Gastone Rossi,M,storica,partigiano,Resistenza e antifascismo
Pellegrino Tibaldi,M,storica,"architetto, pittore",Arte visiva e architettura
Franco Bolognese,M,storica,"pittore, miniatore",Arte visiva e architettura
Domenichino,M,storica,"pittore, architetto",Arte visiva e architettura
Irnerio,M,storica,giurista,Politica e diritto
Vito Volterra,M,storica,"matematico, fisico",Scienze e medicina
Federico Guarducci,M,storica,"geodèta, professore universitario","Filosofia, storia e accademia"
Carlo Berti Pichat,M,storica,"politico, agronomo",Politica e diritto
Cimabue,M,storica,pittore,Arte visiva e architettura
Lorenzo Da Bagnomarino,M,storica,"architetto, ingegnere",Scienze e medicina
Giuseppe Massarenti,M,storica,politico,Politica e diritto
Luigi Vestri,M,storica,attore,"Musica, teatro e cinema"
Aldo Manuzio,M,storica,"creatore di caratteri tipografici, editore",Letteratura e giornalismo
Giovanni Fattori,M,storica,"pittore, incisore",Arte visiva e architettura
Azzo Gardino,M,storica,N.D.,Altro / istituzionale
Giovanni Vicini,M,storica,politico,Politica e diritto
Romano Paradisi,M,storica,N.D.,Altro / istituzionale
Franco Basaglia,M,storica,"psichiatra, neurologo",Scienze e medicina
Antonio Canova,M,storica,"scultore, architetto",Arte visiva e architettura
Carlo Pelagalli,M,storica,"operaio, deportato (Mauthausen, matricola 76216)",Resistenza e antifascismo
Filippo Terzi,M,storica,"architetto, ingegnere",Scienze e medicina
Francesco Fantoni da Norcia,M,storica,pittore,Arte visiva e architettura
Delfino Insolera,M,storica,"editore, divulgatore scientifico",Letteratura e giornalismo
Guercino,M,storica,"pittore, disegnatore",Arte visiva e architettura
Piero Maroncelli,M,storica,"musicista, scrittore","Musica, teatro e cinema"
Luigi Amedeo di Savoia-Aosta,M,storica,"esploratore, militare","Patrioti, militari ed esploratori"
Leonida Bertolazzi,M,storica,ingegnere,Scienze e medicina
Garzia Fioresi,M,storica,pittore,Arte visiva e architettura
Costanzo Varolio,M,storica,"anatomista, medico",Scienze e medicina
Luigi Bombicci,M,storica,"mineralogista, museologo",Altro / istituzionale
Ettore Benassi,M,storica,politico,Politica e diritto
"Domenico ""Dodi"" Maracino",M,storica,"attivista politico, consigliere di quartiere",Sindacalismo e attivismo civile
Giovanni Lodovico Bianconi,M,storica,"antiquario, storico dell'arte","Filosofia, storia e accademia"
Ludovico Savioli,M,storica,"poeta, storico","Filosofia, storia e accademia"
Vittorio Sabena,M,storica,"medico, direttore Ospedale Maggiore di Bologna",Istruzione ed educazione
Rino Cristiani,M,storica,N.D.,Altro / istituzionale
Giovanni Massei,M,storica,politico,Politica e diritto
Augusto Gaudenzi,M,storica,"storico del diritto, professore universitario","Filosofia, storia e accademia"
Sacco e Vanzetti,M,storica,N.D.,Altro / istituzionale
Gino Onofri,M,storica,N.D.,Altro / istituzionale
Don Giuseppe Bedetti,M,storica,"sacerdote, arciprete",Religione
Carlo Jussi,M,storica,partigiano,Resistenza e antifascismo
Pietro Pelotti,M,storica,N.D.,Altro / istituzionale
Alberto Bergamini,M,storica,"giornalista, politico",Politica e diritto
Francesco Morandi,M,storica,architetto,Arte visiva e architettura
Lino Gucci,M,storica,soldato,"Patrioti, militari ed esploratori"
Michele Amari,M,storica,"politico, storico",Politica e diritto
Parisio,M,storica,N.D.,Altro / istituzionale
Tranquillo Cremona,M,storica,"pittore, fotografo",Arte visiva e architettura
Marino e Luigi Mancinelli,M,storica,N.D.,Altro / istituzionale
Del Perugino,M,storica,N.D.,Altro / istituzionale
"Camillo Benso, conte di Cavour",M,storica,"politico, diplomatico",Politica e diritto
Giovanni Battista Ercolani,M,storica,"medico, veterinario",Scienze e medicina
Gino Cervi,M,storica,"attore teatrale, attore cinematografico","Musica, teatro e cinema"
Gastone Piccinini,M,storica,partigiano,Resistenza e antifascismo
Luigi Silvagni,M,storica,"patologo, professore universitario",Scienze e medicina
Giulio Pastore,M,storica,politico,Politica e diritto
Aristide Faccioli,M,storica,"ingegnere, ingegnere aeronautico militare",Scienze e medicina
Renato Tega,M,storica,"politico, partigiano",Resistenza e antifascismo
Giovanni Spataro,M,storica,"compositore, teorico della musica","Musica, teatro e cinema"
Cesare Aretusi,M,storica,pittore,Arte visiva e architettura
Falcone e Borsellino,M,storica,N.D.,Altro / istituzionale
Antonio Zoccoli,M,storica,fisico,Scienze e medicina
Giovanni Marchetti,M,storica,"vescovo cattolico, sacerdote cattolico",Religione
Pier Paolo Molinelli,M,storica,"chirurgo, professore universitario",Scienze e medicina
Alessandro Guardassoni,M,storica,pittore,Arte visiva e architettura
Amilcare Bortolotti,M,storica,N.D.,Altro / istituzionale
Giuseppe Mengoni,M,storica,"architetto, ingegnere",Scienze e medicina
Giacomo Pallotti,M,storica,militare,"Patrioti, militari ed esploratori"
Fernando De Rosa,M,storica,"studente, soldato","Patrioti, militari ed esploratori"
Francesco Albergati Capacelli,M,storica,"scrittore, politico",Politica e diritto
Beppe Fenoglio,M,storica,"traduttore, scrittore",Letteratura e giornalismo
Baldassarre Antonio Maria Carrati,M,storica,"professore universitario, storico locale","Filosofia, storia e accademia"
Gianguido Borghese,M,storica,"ingegnere, politico",Politica e diritto
Enrico De Angeli,M,storica,"architetto, ingegnere",Scienze e medicina
Giovanni Acquaderni,M,storica,"banchiere, politico",Politica e diritto
Armando Spadini,M,storica,pittore,Arte visiva e architettura
Giuseppe Donati,M,storica,"musicista, costruttore di strumenti musicali","Musica, teatro e cinema"
Filippo Giacomo Novaro,M,storica,"chirurgo, politico",Politica e diritto
Luigi Tanari,M,storica,politico,Politica e diritto
papa Giulio II,M,storica,"sacerdote cattolico, papa",Religione
Paolo Serra Zanetti,M,storica,studioso della patristica,Altro / istituzionale
Maurizio Padoa,M,storica,N.D.,Altro / istituzionale
Ulisse Aldrovandi,M,storica,"entomologo, naturalista",Scienze e medicina
Antonio Fiacchi,M,storica,N.D.,Altro / istituzionale
Luigi Balugani,M,storica,"architetto, intagliatore",Arte visiva e architettura
Luigi Rocchi,M,storica,"storico, filologo","Filosofia, storia e accademia"
Vittore Carpaccio,M,storica,"pittore, disegnatore",Arte visiva e architettura
Dante Alighieri,M,storica,"poeta, scrittore",Letteratura e giornalismo
Verenin Grazia,M,storica,"politico, partigiano",Resistenza e antifascismo
Roberto Vighi,M,storica,"storico della letteratura, archeologo","Filosofia, storia e accademia"
Gherardo Gherardi,M,storica,"giornalista, regista cinematografico","Musica, teatro e cinema"
Paolo Baroni,M,storica,attore,"Musica, teatro e cinema"
Giuseppe Ceneri,M,storica,"politico, professore universitario",Politica e diritto
Scipione del Ferro,M,storica,"matematico, professore universitario",Scienze e medicina
Domenico Cimarosa,M,storica,compositore,"Musica, teatro e cinema"
Coriolano Monti,M,storica,"ingegnere, politico",Politica e diritto
Francesco Domenico Guerrazzi,M,storica,"politico, scrittore",Politica e diritto
Bruno Bencivenni,M,storica,N.D.,Altro / istituzionale
Vittorio Maria Bigari,M,storica,pittore,Arte visiva e architettura
Romano Bonaga,M,storica,N.D.,Altro / istituzionale
Serafino Calindri,M,storica,storico,"Filosofia, storia e accademia"
Filippo Beroaldo il Vecchio,M,storica,"filosofo, poeta","Filosofia, storia e accademia"
Tiberio Fiorilli,M,storica,"attore teatrale, drammaturgo","Musica, teatro e cinema"
Cesare Masina,M,storica,N.D.,Altro / istituzionale
Vittorio Putti,M,storica,"medico, chirurgo",Scienze e medicina
Scipione Innocenti,M,storica,N.D.,Altro / istituzionale
Enea Stefani,M,storica,N.D.,Altro / istituzionale
Giuseppe Antonio Torri,M,storica,architetto,Arte visiva e architettura
Sergio Cavina,M,storica,politico,Politica e diritto
Marco Celio,M,storica,ufficiale,Altro / istituzionale
Giunio Bruto,M,storica,N.D.,Altro / istituzionale
Enzo Zoni,M,storica,N.D.,Altro / istituzionale
Ettore Zaniboni,M,storica,N.D.,Altro / istituzionale
Vittorio Lugli,M,storica,"scrittore, giornalista",Letteratura e giornalismo
Onorato Malaguti,M,storica,N.D.,Altro / istituzionale
Giovanni Antonio Sacco,M,storica,N.D.,Altro / istituzionale
Giuseppe Tartini,M,storica,"compositore, musicologo","Musica, teatro e cinema"
Jacopo Barozzi da Vignola,M,storica,"architetto, scrittore",Arte visiva e architettura
Amedeo Biavati,M,storica,"calciatore, allenatore di calcio",Sport
Antoniotto Usodimare,M,storica,esploratore,"Patrioti, militari ed esploratori"
Giorgione,M,storica,"pittore, artista visuale",Arte visiva e architettura
Vincenzo Menghini,M,storica,"scienziato, medico",Scienze e medicina
Cleto Tomba,M,storica,scultore,Arte visiva e architettura
Gino Calari,M,storica,N.D.,Altro / istituzionale
Leonildo Marcheselli,M,storica,musicista,"Musica, teatro e cinema"
Girolamo Savonarola,M,storica,"politico, filosofo",Politica e diritto
Protogene Veronesi,M,storica,politico,Politica e diritto
Pino Dordoni,M,storica,atleta,Sport
Jacopo Tintoretto,M,storica,"pittore, disegnatore architettonico",Arte visiva e architettura
Libero Bergonzoni,M,storica,N.D.,Altro / istituzionale
Eugenio Curiel,M,storica,"fisico, partigiano",Resistenza e antifascismo
Paolo Canali,M,storica,doppiatore,Altro / istituzionale
Bruno Gualandi,M,storica,N.D.,Altro / istituzionale
Antonio Silvani,M,storica,ricercatore,Scienze e medicina
Vittorio Peglion,M,storica,"politico, botanico",Politica e diritto
Pietro de' Crescenzi,M,storica,"scrittore, agronomo",Letteratura e giornalismo
Giovanni Niccolò Alidosi Pasquali,M,storica,"erudito, storico","Filosofia, storia e accademia"
Ettore Petrolini,M,storica,"attore, drammaturgo","Musica, teatro e cinema"
Giovanni Bertini,M,storica,"politico, avvocato",Politica e diritto
Evaristo Guizzardi,M,storica,N.D.,Altro / istituzionale
Renato Fava,M,storica,N.D.,Altro / istituzionale
Padre Francesco Maria Grimaldi,M,storica,N.D.,Altro / istituzionale
Giambologna,M,storica,"scultore, architetto",Arte visiva e architettura
Stendhal,M,storica,"scrittore, autobiografo",Letteratura e giornalismo
Antonio Pezzoli,M,storica,N.D.,Altro / istituzionale
Pierre de Coubertin,M,storica,"storico, pedagogista",Istruzione ed educazione
Giorgio Neri,M,storica,"partigiano, dirigente sportivo (Virtus Tennis)",Resistenza e antifascismo
Elio Bragaglia,M,storica,N.D.,Altro / istituzionale
Carlo Musi,M,storica,"poeta, folk artist",Letteratura e giornalismo
Ignazio Magnani,M,storica,"giurista, giudice",Politica e diritto
Ezio Cesarini,M,storica,N.D.,Altro / istituzionale
Pietro Mainoldi,M,storica,N.D.,Altro / istituzionale
Clodoveo Bonazzi,M,storica,N.D.,Altro / istituzionale
Manfredi Azzarita,M,storica,"militare, partigiano",Resistenza e antifascismo
Sante Mingazzi,M,storica,"fabbro, artigiano",Altro / istituzionale
Donatello,M,storica,"scultore, pittore",Arte visiva e architettura
Francesco Santini,M,storica,ricercatore,Scienze e medicina
Aldo Cividali,M,storica,N.D.,Altro / istituzionale
Tommaso Salvini,M,storica,"attore, attore teatrale","Musica, teatro e cinema"
Armando Sarti,M,storica,"politico, ragioniere commercialista",Politica e diritto
Giorgio Ercolani,M,storica,ricercatore,Scienze e medicina
Giuseppe Rivani,M,storica,"architetto, pittore",Arte visiva e architettura
Mario Cobianchi,M,storica,"aviatore, storico","Filosofia, storia e accademia"
Giovanni Battista Melloni,M,storica,"storico, archeologo","Filosofia, storia e accademia"
Carlo Carli,M,storica,politico,Politica e diritto
Carlo Togliani,M,storica,conservatore-restauratore,Altro / istituzionale
Aleardo Donati,M,storica,lottatore,Sport
Rodolfo Mondolfo,M,storica,"politico, filosofo",Politica e diritto
Bruno Tosarelli,M,storica,partigiano,Resistenza e antifascismo
Mahatma Gandhi,M,storica,"politico, barrister",Politica e diritto
Duccio Galimberti,M,storica,"avvocato, politico",Politica e diritto
Jacopo della Lana,M,storica,scrittore,Letteratura e giornalismo
Vittorio Alfieri,M,storica,"drammaturgo, poeta","Musica, teatro e cinema"
Pietro Mascagni,M,storica,"direttore d'orchestra, compositore",Istruzione ed educazione
Monaldo Calari,M,storica,partigiano,Resistenza e antifascismo
Giovanni Martini,M,storica,partigiano,Resistenza e antifascismo
Giuseppe Giusti,M,storica,"poeta, scrittore",Letteratura e giornalismo
Jurij Gagarin,M,storica,"aviatore, astronauta",Scienze e medicina
Aristide Zucconi,M,storica,N.D.,Altro / istituzionale
Cesare Zuccardi Merli,M,storica,N.D.,Altro / istituzionale
Rossano Marchioni,M,storica,partigiano,Resistenza e antifascismo
Dante Benazzi,M,storica,N.D.,Altro / istituzionale
Luca Antonio Tosi Bellucci,M,storica,N.D.,Altro / istituzionale
Amleto Zecchi,M,storica,N.D.,Altro / istituzionale
Pasquale Villari,M,storica,"politico, medievista",Politica e diritto
Giuseppe Bosi,M,storica,storico,"Filosofia, storia e accademia"
Rodolfo Audinot,M,storica,politico,Politica e diritto
Girolamo Curti,M,storica,pittore,Arte visiva e architettura
Giuseppe Cesare Gualandi,M,storica,N.D.,Altro / istituzionale
Umberto Monari,M,storica,N.D.,Altro / istituzionale
Pasquale Muratori,M,storica,N.D.,Altro / istituzionale
"Camillo Benso, conte di Cavour",M,storica,"politico, diplomatico",Politica e diritto
Giovanni Verga,M,storica,"scrittore, fotografo",Arte visiva e architettura
Ambrogio Magenta,M,storica,N.D.,Altro / istituzionale
Pier Gabriele Goidanich,M,storica,"linguista, professore universitario","Filosofia, storia e accademia"
Medardo Bottonelli,M,storica,N.D.,Altro / istituzionale
Pietro Gherardini,M,storica,professore universitario,"Filosofia, storia e accademia"
Graziano,M,storica,"politico, militare",Politica e diritto
Augusto Baroni,M,storica,"pedagogista, insegnante",Istruzione ed educazione
Ettore Tarozzi,M,storica,N.D.,Altro / istituzionale
Don Giuseppe Nozzi,M,storica,"sacerdote, parroco",Religione
Bruno Mugellini,M,storica,"compositore, pianista","Musica, teatro e cinema"
Giovanni Cerbai,M,storica,partigiano,Resistenza e antifascismo
Giovanni Antonio Lecchi,M,storica,"matematico, ingegnere",Scienze e medicina
Leone Pancaldi,M,storica,"architetto, pittore",Arte visiva e architettura
Alberto Trauzzi,M,storica,N.D.,Altro / istituzionale
Don Giulio Salmi,M,storica,"sacerdote, partigiano",Resistenza e antifascismo
Sario Bassanelli,M,storica,N.D.,Altro / istituzionale
Benedetto Croce,M,storica,"filosofo, politico",Politica e diritto
Titta Ruffo,M,storica,cantante lirico,"Musica, teatro e cinema"
Giuseppe Pacchioni,M,storica,"intagliatore, scultore",Arte visiva e architettura
Armando Gagliani,M,storica,N.D.,Altro / istituzionale
Fernando Felicori,M,storica,N.D.,Altro / istituzionale
Ambrogio e Pietro Lorenzetti,M,storica,N.D.,Altro / istituzionale
Leonardo da Vinci,M,storica,"pittore, ingegnere",Scienze e medicina
Pier Antonio Rappini,M,storica,ingegnere idraulico,Scienze e medicina
Pietro Canonici,M,storica,N.D.,Altro / istituzionale
Giovanni Elkan,M,storica,politico,Politica e diritto
Amilcare Roncarati,M,storica,N.D.,Altro / istituzionale
John Cage,M,storica,"compositore, scrittore","Musica, teatro e cinema"
Leone Pesci,M,storica,"chimico, accademico",Scienze e medicina
Gino Gamberini,M,storica,N.D.,Altro / istituzionale
Canaletto,M,storica,"pittore, acquafortista",Arte visiva e architettura
Giovanni Francesco Fiammelli,M,storica,matematico,Scienze e medicina
Raffaele Pettazzoni,M,storica,storico,"Filosofia, storia e accademia"
Antonio Francesco Ghiselli,M,storica,"professione religiosa, storico locale",Religione
Fulvio Milani,M,storica,politico,Politica e diritto
Felice Battaglia,M,storica,"filosofo, scrittore","Filosofia, storia e accademia"
Luigi Polacchi,M,storica,"poeta, scrittore",Letteratura e giornalismo
Gian Luigi Protche,M,storica,N.D.,Altro / istituzionale
Francesco Tamagno,M,storica,cantante lirico,"Musica, teatro e cinema"
Pietro Cantinelli,M,storica,N.D.,Altro / istituzionale
Francesco Paolo Michetti,M,storica,"pittore, fotografo",Arte visiva e architettura
Giuseppe Vaccaro,M,storica,architetto,Arte visiva e architettura
Enio Gnudi,M,storica,politico,Politica e diritto
Sigismondo Campagnoli,M,storica,N.D.,Altro / istituzionale
Sergio Tavernari,M,storica,partigiano,Resistenza e antifascismo
Alessandro Menganti,M,storica,"scultore, orafo",Arte visiva e architettura
Giovanni Livraghi,M,storica,N.D.,Altro / istituzionale
Amerigo Vespucci,M,storica,"esploratore, mercante","Patrioti, militari ed esploratori"
Alberto Calda,M,storica,"avvocato, professore universitario",Politica e diritto
Luciano Romagnoli,M,storica,"politico, partigiano",Resistenza e antifascismo
Francesco Bartoli,M,storica,ricercatore,Scienze e medicina
Gustavo Modena,M,storica,"attore teatrale, attore","Musica, teatro e cinema"
Arturo Solari,M,storica,"storico dell'antichità classica, storico","Filosofia, storia e accademia"
Corrado Masetti,M,storica,"militare, partigiano",Resistenza e antifascismo
Marco Biagi,M,storica,"politico, economista",Politica e diritto
Giuseppe Antonio Landi,M,storica,"architetto, pittore",Arte visiva e architettura
Filippo e Angelo Cuccoli,M,storica,N.D.,Altro / istituzionale
Nino Bixio Scota,M,storica,politico,Politica e diritto
Claudio Monteverdi,M,storica,"teorico della musica, gambista",Altro / istituzionale
Libero Battistelli,M,storica,N.D.,Altro / istituzionale
Giovanni Brugnoli,M,storica,"professore universitario, patologo",Scienze e medicina
Vincenzo Toffano,M,storica,partigiano,Resistenza e antifascismo
Angelo Brunetti,M,storica,politico,Politica e diritto
Bruno Arnaud,M,storica,N.D.,Altro / istituzionale
Giacomo Luigi Ciamician,M,storica,"chimico, politico",Politica e diritto
Vincenzo Casciarolo,M,storica,chimico,Scienze e medicina
Paride Pasquali,M,storica,N.D.,Altro / istituzionale
Pietro Bubani,M,storica,"botanico, medico",Scienze e medicina
Alceste Giovannini,M,storica,N.D.,Altro / istituzionale
Antonio Levanti,M,storica,N.D.,Altro / istituzionale
Augusto Pulega,M,storica,N.D.,Altro / istituzionale
Giacomo Brodolini,M,storica,politico,Politica e diritto
Giacomo Puccini,M,storica,"compositore d'opera, compositore","Musica, teatro e cinema"
Leonello Grossi,M,storica,politico,Politica e diritto
Francesco Rismondo,M,storica,N.D.,Altro / istituzionale
Giacomo Tommasini,M,storica,medico,Scienze e medicina
Natalino Corazza,M,storica,N.D.,Altro / istituzionale
Luigi Concato,M,storica,"medico, professore universitario",Scienze e medicina
Massimiliano Bruno,M,storica,"attore, sceneggiatore","Musica, teatro e cinema"
Pompeo Scipione Dolfi,M,storica,decano,Altro / istituzionale
Oreste Vancini,M,storica,"insegnante, sindacalista",Istruzione ed educazione
Dante Cane',M,storica,N.D.,Altro / istituzionale
Ugo Lenzi,M,storica,politico,Politica e diritto
Alberto Legnani,M,storica,architetto,Arte visiva e architettura
Domenico Bianchini,M,storica,"compositore, liutista","Musica, teatro e cinema"
Giuliano Benassi,M,storica,N.D.,Altro / istituzionale
Giuseppe Brini,M,storica,"giurista, teologo",Politica e diritto
Angelo Gatti,M,storica,"medico, professore universitario",Scienze e medicina
Giulio Gaist,M,storica,chirurgo,Scienze e medicina
Lippo di Dalmasio,M,storica,"pittore, artista visuale",Arte visiva e architettura
Aldo Ognibene,M,storica,N.D.,Altro / istituzionale
Vincenzo Martinelli,M,storica,pittore,Arte visiva e architettura
Errico Malatesta,M,storica,"attivista, scrittore",Sindacalismo e attivismo civile
Giovanni Capellini,M,storica,"paleontologo, botanico",Scienze e medicina
Ignazio Silone,M,storica,"politico, giornalista",Politica e diritto
Molière,M,storica,"drammaturgo, attore teatrale","Musica, teatro e cinema"
Lelio Dalla Volpe,M,storica,"editore, stampatore",Letteratura e giornalismo
Augusto Galli,M,storica,"attore, orafo",Arte visiva e architettura
Gioachino Rossini,M,storica,compositore,"Musica, teatro e cinema"
Antonino Scaravilli,M,storica,"studente universitario, partigiano",Resistenza e antifascismo
Ferdinando Magellano,M,storica,"esploratore, marittimo","Patrioti, militari ed esploratori"
Enrico Capelli,M,storica,attore,"Musica, teatro e cinema"
Gregoris Lambrakis,M,storica,"politico, ginecologo",Politica e diritto
Trilussa,M,storica,"poeta, scrittore",Letteratura e giornalismo
Giovanni Natali,M,storica,"filologo classico, storico della geografia","Filosofia, storia e accademia"
Federico Venturini,M,storica,N.D.,Altro / istituzionale
Maggiore Leopoldo Serra,M,storica,N.D.,Altro / istituzionale
Leopoldo Fregoli,M,storica,"attore, sceneggiatore","Musica, teatro e cinema"
Cesare Malossi,M,storica,N.D.,Altro / istituzionale
Demetrio Presini,M,storica,N.D.,Altro / istituzionale
Ettore Nadalini,M,storica,politico,Politica e diritto
Don Libero Nanni,M,storica,"sacerdote, cappellano del lavoro",Religione
Fernando Fortuzzi,M,storica,N.D.,Altro / istituzionale
Ercole Giacomini,M,storica,entomologo,Altro / istituzionale
Bartolo Nigrisoli,M,storica,chirurgo,Scienze e medicina
Élio Bernardi,M,storica,politico,Politica e diritto
Benedetto Cairoli,M,storica,"politico, diplomatico",Politica e diritto
George Gordon Byron,M,storica,"poeta, paroliere",Letteratura e giornalismo
Ettore Bidone,M,storica,N.D.,Altro / istituzionale
Fratelli Marincola,M,storica,N.D.,Altro / istituzionale
Luigi Bertelli,M,storica,"scrittore, giornalista",Letteratura e giornalismo
Goffredo Mameli,M,storica,"poeta, scrittore",Letteratura e giornalismo
Pinturicchio,M,storica,"pittore, miniatore",Arte visiva e architettura
Giovanni Bernardi,M,storica,"intagliatore, orafo",Arte visiva e architettura
Marino Dalmonte,M,storica,partigiano,Resistenza e antifascismo
Otello Bonvicini,M,storica,partigiano,Resistenza e antifascismo
papa Benedetto XIV,M,storica,"sacerdote cattolico, canonista",Religione
Jacopo Bartolomeo Beccari,M,storica,"chimico, medico",Scienze e medicina
Libero Lossanti,M,storica,partigiano,Resistenza e antifascismo
Ludwik Lejzer Zamenhof,M,storica,"linguista, oculista",Scienze e medicina
Ferruccio Magnani,M,storica,partigiano,Resistenza e antifascismo
Ludovico Beccadelli,M,storica,"diplomatico, scrittore",Politica e diritto
Arrigo Lucchini,M,storica,"attore, attore teatrale","Musica, teatro e cinema"
Luciano Anceschi,M,storica,"critico letterario, saggista","Filosofia, storia e accademia"
Giordano Bruno,M,storica,"astronomo, filosofo",Scienze e medicina
Enzo di Sardegna,M,storica,"scrittore, poeta",Letteratura e giornalismo
Augusto Majani,M,storica,"pittore, caricaturista",Arte visiva e architettura
Carlo Francioni,M,storica,professore universitario,"Filosofia, storia e accademia"
Josemaría Escrivá de Balaguer,M,storica,"sacerdote cattolico di rito latino, scrittore",Religione
Tommaso Martelli,M,storica,ricercatore,Scienze e medicina
Ivo Lollini,M,storica,militare,"Patrioti, militari ed esploratori"
Nullo Baldini,M,storica,"politico, sindacalista",Sindacalismo e attivismo civile
Roberto Raviola,M,storica,"fumettista, fotocronista",Arte visiva e architettura
Antonio Bertoloni,M,storica,"botanico, professore universitario",Scienze e medicina
Benvenuto Tisi da Garofalo,M,storica,N.D.,Altro / istituzionale
Rolandino de' Passaggeri,M,storica,giurista,Politica e diritto
Lodovico Frati,M,storica,"bibliotecario, musicologo",Letteratura e giornalismo
Gabriele D'Annunzio,M,storica,"drammaturgo, politico",Politica e diritto
Massimo Meliconi,M,storica,"antifascista, operaio",Resistenza e antifascismo
Giuseppe Galletti,M,storica,politico,Politica e diritto
Amedeo Parmeggiani,M,storica,aviatore,"Patrioti, militari ed esploratori"
Alfonso Samoggia,M,storica,soldato,"Patrioti, militari ed esploratori"
Benvenuto Tisi da Garofalo,M,storica,pittore,Arte visiva e architettura
Alberto Massone,M,storica,scrittore,Letteratura e giornalismo
Alessandro Corticelli,M,storica,"fisiologo, patologo",Scienze e medicina
Giacomo Antonio Perti,M,storica,"compositore d'opera, violinista","Musica, teatro e cinema"
Alfredo Calzolari,M,storica,partigiano,Resistenza e antifascismo
Cristoforo da Bologna,M,storica,pittore,Arte visiva e architettura
Rino Pancaldi,M,storica,N.D.,Altro / istituzionale
Ermanno Galeotti,M,storica,"antifascista, partigiano",Resistenza e antifascismo
Ettore Ascoli,M,storica,partigiano,Resistenza e antifascismo
Stefano Bottari,M,storica,"critico d'arte, architetto","Filosofia, storia e accademia"
Pio Carlo Falletti,M,storica,"storico, insegnante",Istruzione ed educazione
Mario Giurini,M,storica,"partigiano, ufficiale di marina",Resistenza e antifascismo
Caravaggio,M,storica,pittore,Arte visiva e architettura
papa Gregorio XIII,M,storica,"sacerdote cattolico, diacono di transizione",Religione
Giacomo Leopardi,M,storica,"scrittore, poeta",Letteratura e giornalismo
Maurizio Pincherle,M,storica,professore universitario,"Filosofia, storia e accademia"
Giuseppe Malagoli,M,storica,"saggista, poeta",Letteratura e giornalismo
Ruzante,M,storica,"drammaturgo, attore","Musica, teatro e cinema"
Dei Gracchi,M,storica,N.D.,Altro / istituzionale
Girolamo Mercuriale,M,storica,"linguista, professore universitario","Filosofia, storia e accademia"
Demétrio Martinelli Magnoli,M,storica,"giornalista, sociologo","Filosofia, storia e accademia"
Odofredo,M,storica,"giurista, consulente legale",Politica e diritto
Gino Tinozzi,M,storica,N.D.,Altro / istituzionale
Torquato Secci,M,storica,politico,Politica e diritto
Zaccaria Zacchi,M,storica,"scultore, pittore",Arte visiva e architettura
Pietro di Giovanni Lianori,M,storica,pittore,Arte visiva e architettura
Giovanni Battista Martini,M,storica,compositore,"Musica, teatro e cinema"
Alfio Pappalardo,M,storica,"preside, dirigente scolastico (Istituti Aldini Valeriani)",Istruzione ed educazione
Pietro Brune',M,storica,N.D.,Altro / istituzionale
Giorgio Maccaferri,M,storica,N.D.,Altro / istituzionale
Giovanni Battista De Rolandis,M,storica,N.D.,Altro / istituzionale
Paganino Bonafede,M,storica,N.D.,Altro / istituzionale
Don Antonio Gavinelli,M,storica,sacerdote salesiano,Religione
Wiligelmo,M,storica,scultore,Arte visiva e architettura
Vittorio Bottego,M,storica,esploratore,"Patrioti, militari ed esploratori"
Armando Tomesani,M,storica,N.D.,Altro / istituzionale
Umberto Brunelli,M,storica,"politico, medico",Politica e diritto
Alessandro Scorzoni,M,storica,pittore,Arte visiva e architettura
Franco Alfano,M,storica,"pianista, compositore","Musica, teatro e cinema"
Ada Negri,F,storica,"Poetessa, scrittrice",Letteratura e giornalismo
Adelaide Borghi Mamo,F,storica,Cantante lirica,"Musica, teatro e cinema"
Adelaide Ristori,F,storica,Attrice teatrale,"Musica, teatro e cinema"
Alfonsina Morini (Strada),F,storica,Ciclista pioniera,Sport
Anne Frank,F,storica,"Scrittrice, vittima Olocausto",Letteratura e giornalismo
Anna Magnani,F,storica,Attrice cinematografica,"Musica, teatro e cinema"
Argentina Altobelli,F,storica,Sindacalista,Sindacalismo e attivismo civile
Artemisia Gentileschi,F,storica,Pittrice,Arte visiva e architettura
Carlotta Marchionni,F,storica,Attrice teatrale,"Musica, teatro e cinema"
Chiara Lubich,F,storica,"Mistica, fondatrice Focolari",Religione
Clarice Vasini,F,storica,"Pittrice, scultrice",Arte visiva e architettura
Clotilde Tambroni,F,storica,"Filologa, linguista","Filosofia, storia e accademia"
Cristina Campo,F,storica,"Poetessa, scrittrice",Letteratura e giornalismo
Eleonora Duse,F,storica,Attrice teatrale,"Musica, teatro e cinema"
Elisabetta Sirani,F,storica,Pittrice,Arte visiva e architettura
Ermanna Orsoni,F,storica,"Atleta (corsa, giavellotto)",Sport
Fede Galizia,F,storica,Pittrice,Arte visiva e architettura
Fernanda Pivano,F,storica,"Traduttrice, giornalista",Letteratura e giornalismo
Francesca Alinovi,F,storica,Critica d'arte,"Filosofia, storia e accademia"
Georgia O'Keeffe,F,storica,Pittrice,Arte visiva e architettura
Gilda Chiari Allegretti,F,storica,Pedagogista,Istruzione ed educazione
Ginevra Cantofoli,F,storica,Pittrice,Arte visiva e architettura
Isabella Andreini,F,storica,"Attrice, poetessa","Musica, teatro e cinema"
Isabella Colbran,F,storica,Cantante (soprano),"Musica, teatro e cinema"
Jolanda Cervellati,F,storica,"Maestra, pioniera pedagogia",Istruzione ed educazione
Laura Bassi Veratti,F,storica,"Fisica, accademica",Scienze e medicina
Laura Betti,F,storica,"Attrice, cantante","Musica, teatro e cinema"
Lea Colliva,F,storica,"Pittrice, insegnante",Istruzione ed educazione
Lyda Borelli,F,storica,Attrice,"Musica, teatro e cinema"
Marcella Di Folco,F,storica,"Attivista, attrice",Sindacalismo e attivismo civile
Maria Adele Crocioni Michelini,F,storica,Attivista diritti donne,Sindacalismo e attivismo civile
Maria Callas,F,storica,Soprano,"Musica, teatro e cinema"
Maria Melato,F,storica,Attrice,"Musica, teatro e cinema"
Mariele Ventre,F,storica,Direttrice di coro (Zecchino),Istruzione ed educazione
Ondina Valla,F,storica,Atleta (Olimpionica),Sport
Paola Serra Zanetti,F,storica,Pittrice,Arte visiva e architettura
Patrizia Vicinelli,F,storica,"Poetessa, artista",Letteratura e giornalismo
Properzia de' Rossi,F,storica,Scultrice,Arte visiva e architettura
Tina Merlin,F,storica,"Giornalista, partigiana",Resistenza e antifascismo
Velleda Cesari,F,storica,Schermitrice,Sport
Maria Gaetana Agnesi,F,storica,"filosofo, matematico",Scienze e medicina
Iside (Nerina) De Piccoli,F,storica,filantropa,Sindacalismo e attivismo civile
Mafalda di Savoia,F,storica,aristocratico,Altro / istituzionale
Irma Bandiera,F,storica,"combattente della resistenza, partigiano",Resistenza e antifascismo
Bettisia Gozzadini,F,storica,"giurista, avvocato",Politica e diritto
Virginia Reiter,F,storica,attore,"Musica, teatro e cinema"
Sabina Santilli,F,storica,attivista,Sindacalismo e attivismo civile
Eleonora Sanguinetti,F,storica,benefattrice,Sindacalismo e attivismo civile
Tommasina Guidi,F,storica,N.D.,Altro / istituzionale
Claudia Testoni,F,storica,"velocista, atleta",Sport
Orsola Mezzini,F,storica,"suora, insegnante",Religione
Grazia Deledda,F,storica,"scrittore, poeta",Letteratura e giornalismo
Elena Lucrezia Corner,F,storica,"matematico, filosofo",Scienze e medicina
Anna Grassetti,F,storica,"infermiere, attivista politico",Sindacalismo e attivismo civile
Christine de Pizan,F,storica,"scrittore, poeta",Letteratura e giornalismo
Giovanna Zaccherini Alvisi,F,storica,"militante politica, perseguitata fascismo",Resistenza e antifascismo
Argia Magazzari,F,storica,attore,"Musica, teatro e cinema"
Giacinta Pezzana,F,storica,"attore, attore teatrale","Musica, teatro e cinema"
Carolina Coronedi Berti,F,storica,scrittore,Letteratura e giornalismo
Francesca Edera De Giovanni,F,storica,"mugnaio, partigiano",Resistenza e antifascismo
Clelia Barbieri,F,storica,"religioso cristiano, monaca",Religione
Greta Garbo,F,storica,"attore, attore cinematografico","Musica, teatro e cinema"
Lea Garofalo,F,storica,N.D.,Altro / istituzionale
Madre Teresa di Calcutta,F,storica,"suora, missionario",Religione
Gina Fasoli,F,storica,"medievista, professore universitario","Filosofia, storia e accademia"
Virginia Marini,F,storica,"attore, attore teatrale","Musica, teatro e cinema"
Amalia Bettini,F,storica,attore,"Musica, teatro e cinema"
Rina Monti (Cesarina Monti Stella),F,proposta,"Biologa, zoologa, limnologa; prima donna professoressa ordinaria in Italia",Scienze e medicina
Margherita Hack,F,proposta,"Astrofisica, accademica, divulgatrice scientifica, attivista",Scienze e medicina
Ada Buffulini,F,proposta,"Medico (radiologa), partigiana, organizzatrice della resistenza interna nel campo di Bolzano",Resistenza e antifascismo
Maria Dalle Donne,F,proposta,"Medica, ginecologa, accademica; Direttrice della Scuola di Ostetricia di Bologna",Istruzione ed educazione
Alessandro Zijno (detta 'l'Ambigua'),F,proposta,Attivista transfemminista e queer; fondatrice del Laboratorio Smaschieramenti – Atlantide di Bologna,Sindacalismo e attivismo civile
Dorotea Bocchi (detta Bucca),F,proposta,Professoressa di Medicina e Filosofia all'Università di Bologna,Scienze e medicina
Giuseppina Cattani,F,proposta,Batteriologa; prima donna con libera docenza in Patologia generale a Bologna,Scienze e medicina
Maria Bortolotti Casoni,F,proposta,Ingegnera; prima donna iscritta all'Albo degli Ingegneri in Italia,Scienze e medicina
Gabriella Degli Esposti,F,proposta,"Partigiana, coordinatrice della Quarta Zona della Resistenza (nome di battaglia 'Balella')",Resistenza e antifascismo
Ines Bedeschi,F,proposta,"Staffetta partigiana del CUMER (Comando Unificato Militare Emilia-Romagna), nome di battaglia 'Bruna'",Resistenza e antifascismo
Enrichetta Cabassa,F,proposta,"Staffetta partigiana del CUMER, sarta (nome di battaglia 'Silvia')",Resistenza e antifascismo
Anna Maria Enriques Agnoletti,F,proposta,"Staffetta partigiana, paleografa, storica medievale",Resistenza e antifascismo
Giovanna Zangrandi (Alma Bevilacqua),F,proposta,"Scrittrice, partigiana, insegnante di scienze, alpinista",Resistenza e antifascismo
Ena Frazzoni,F,proposta,"Professoressa di inglese, partigiana, segretaria del CUMER (nome di battaglia 'Nicoletta')",Resistenza e antifascismo
Ester Capponi,F,proposta,"Operaia, sindacalista CGIL, politica (PCI), dirigente UDI Bologna",Sindacalismo e attivismo civile
Lucrezia Orsina Vizzana,F,proposta,"Compositrice, organista, cantante (Barocco)","Musica, teatro e cinema"
Maria Brizzi Giorgi,F,proposta,"Pianista, compositrice, direttrice dell'Accademia Polimniaca di Bologna","Musica, teatro e cinema"
Caterina de' Vigri (Santa Caterina da Bologna),F,proposta,"Religiosa clarissa, pittrice miniaturista, musicista (viola), scrittrice spirituale, fondatrice del Corpus Domini",Religione
Cornelia Rossi Martinetti,F,proposta,"Intellettuale, animatrice di salotto letterario europeo, scrittrice",Letteratura e giornalismo
Teresa Carniani Malvezzi,F,proposta,"Scrittrice, poetessa, accademica","Filosofia, storia e accademia"
Odette Righi Boi,F,proposta,"Partigiana, maestra, pedagogista, scrittrice in dialetto bolognese",Resistenza e antifascismo
Flavia Madaschi,F,proposta,"Operaia (Majani, Ducati), sindacalista CGIL, presidente AGedO Bologna, attivista LGBTQ+",Istruzione ed educazione
Claudia Testoni,F,proposta,"Atleta (80m ostacoli, salto in lungo, velocità)",Sport
Nilde Iotti,F,proposta,"Politica (PCI), prima donna Presidente della Camera dei Deputati",Politica e diritto
Lidia Poët,F,proposta,"Avvocata, prima donna iscritta all'Albo degli Avvocati in Italia",Politica e diritto
Lina Merlin,F,proposta,"Politica, Madre Costituente, prima donna eletta al Senato della Repubblica",Politica e diritto
Camilla Ravera,F,proposta,"Politica, prima segretaria donna del PCI, prima senatrice a vita della Repubblica",Politica e diritto
Carla Capponi,F,proposta,"Partigiana combattente, parlamentare (PCI)",Resistenza e antifascismo
Maria Montessori,F,proposta,"Medica, pedagogista, fondatrice del Metodo Montessori",Istruzione ed educazione
Lucy Salani,F,proposta,"Attivista trans, sopravvissuta al lager di Dachau, testimone",Sindacalismo e attivismo civile
Luki Massa,F,proposta,"Attivista lesbica, fondatrice del Tiaso di Bologna",Sindacalismo e attivismo civile
Tina Anselmi,F,proposta,"Partigiana, politica DC, prima donna ministro della Repubblica italiana",Resistenza e antifascismo
Franca Viola,F,proposta,"Simbolo nazionale dei diritti delle donne (rifiutò il matrimonio riparatore, 1965)",Sindacalismo e attivismo civile
Germana Boldrini,F,proposta,"Partigiana combattente (Battaglia di Porta Lame, Bologna, 7 novembre 1944)",Resistenza e antifascismo
